market_year,state,issuer_id,issuer_name,plan_count,product_count,network_count,service_area_count,new_plan_count
2015,AK,38344,,18,5,1,1,0
2015,AK,73836,,12,5,2,1,12
2015,AL,44580,,10,1,2,2,0
2015,AL,46944,,8,8,1,1,1
2015,AL,68259,,11,1,1,1,11
2015,AR,37903,,14,1,1,7,14
2015,AR,62141,,18,3,1,1,0
2015,AR,70525,,28,1,1,7,9
2015,AR,75293,,12,12,2,2,1
2015,AZ,23307,,10,1,2,2,0
2015,AZ,51485,,16,1,1,1,0
2015,AZ,53901,,56,20,4,3,43
2015,AZ,60761,,24,24,6,5,21
2015,AZ,65441,,4,1,1,1,4
2015,AZ,70239,,35,1,2,8,12
2015,AZ,80863,,18,1,1,3,18
2015,AZ,84251,,6,1,1,1,1
2015,AZ,86830,,8,1,1,1,0
2015,AZ,88925,,3,1,1,1,3
2015,AZ,91450,,10,1,1,1,6
2015,AZ,92045,,6,6,1,1,6
2015,AZ,98971,,10,1,1,1,10
2015,DE,29497,,5,1,1,1,5
2015,DE,67190,,5,1,1,1,5
2015,DE,76168,,15,5,2,2,2
2015,FL,16842,,18,2,2,2,2
2015,FL,18628,,6,1,1,1,6
2015,FL,27357,,54,2,1,1,54
2015,FL,30252,,8,1,1,1,1
2015,FL,35783,,35,2,4,6,0
2015,FL,48121,,9,1,1,1,1
2015,FL,51398,,4,1,2,1,0
2015,FL,54172,,3,1,1,1,0
2015,FL,56503,,40,20,1,1,20
2015,FL,57451,,5,1,1,1,1
2015,FL,62662,,36,1,1,6,36
2015,FL,68398,,8,1,1,1,8
2015,FL,77150,,14,1,1,1,14
2015,FL,86382,,33,3,1,1,12
2015,GA,20544,,48,1,1,8,48
2015,GA,43802,,10,1,1,1,10
2015,GA,45495,,33,3,1,1,12
2015,GA,47783,,40,1,8,8,40
2015,GA,49046,,13,2,2,2,0
2015,GA,50491,,6,1,1,1,6
2015,GA,83761,,20,1,1,1,0
2015,GA,89942,,10,1,1,1,1
2015,GA,93332,,27,2,5,5,10
2015,IA,18973,,56,8,12,12,35
2015,IA,27651,,16,2,1,1,0
2015,IA,74980,,15,1,1,1,5
2015,IL,16724,,10,1,1,1,10
2015,IL,20129,,19,5,1,1,19
2015,IL,35670,,15,2,4,4,7
2015,IL,36096,,65,4,4,13,5
2015,IL,58288,,18,1,3,3,0
2015,IL,67807,,30,1,1,5,30
2015,IL,68303,,6,1,1,1,0
2015,IL,68432,,66,6,2,2,66
2015,IL,79763,,29,11,11,6,29
2015,IL,96601,,30,5,6,6,10
2015,IN,17575,,12,3,2,2,0
2015,IN,33380,,7,1,1,1,7
2015,IN,35065,,33,3,1,1,12
2015,IN,36373,,7,1,1,1,7
2015,IN,50816,,8,1,1,1,2
2015,IN,54192,,12,2,2,2,12
2015,IN,62033,,5,1,1,1,5
2015,IN,67920,,5,1,1,1,5
2015,IN,91842,,48,1,1,8,48
2015,KS,18558,,19,2,4,2,0
2015,KS,27811,,3,1,1,1,3
2015,KS,61430,,12,2,2,2,2
2015,KS,65598,,12,2,2,2,1
2015,KS,94248,,18,7,4,1,9
2015,LA,19636,,19,3,3,3,2
2015,LA,38499,,11,1,1,1,11
2015,LA,44965,,12,2,2,2,0
2015,LA,67202,,10,2,1,1,5
2015,LA,67243,,8,1,2,2,0
2015,LA,97176,,19,3,2,2,0
2015,ME,33653,,10,10,1,1,3
2015,ME,48396,,39,4,4,6,0
2015,ME,96667,,4,4,1,1,4
2015,MI,15560,,17,7,2,2,11
2015,MI,20393,,5,1,1,1,1
2015,MI,29241,,9,1,1,1,0
2015,MI,29698,,33,2,1,3,23
2015,MI,34620,,3,3,1,1,3
2015,MI,37651,,24,3,3,3,21
2015,MI,40047,,3,1,1,1,0
2015,MI,41895,,15,2,3,3,9
2015,MI,46275,,10,1,2,2,0
2015,MI,58594,,4,1,1,1,0
2015,MI,60829,,9,3,2,2,9
2015,MI,67183,,2,1,1,1,0
2015,MI,67577,,7,1,1,1,2
2015,MI,71667,,10,1,1,1,10
2015,MI,89029,,30,1,1,5,30
2015,MI,98185,,24,3,4,5,14
2015,MO,16049,,7,1,1,1,7
2015,MO,30613,,15,1,2,3,15
2015,MO,32753,,13,2,2,2,0
2015,MO,34762,,18,7,4,2,9
2015,MO,44240,,12,1,2,2,2
2015,MO,44527,,15,2,4,4,7
2015,MO,74483,,8,1,1,1,8
2015,MS,48963,,21,2,4,5,6
2015,MS,94237,,24,3,1,1,6
2015,MS,97560,,11,1,1,1,11
2015,MT,23603,,13,3,2,1,4
2015,MT,24867,,12,1,1,2,12
2015,MT,30751,,12,2,2,2,0
2015,MT,32225,,12,3,2,2,4
2015,NC,11512,,50,5,4,7,10
2015,NC,54332,,10,1,1,1,10
2015,NC,56346,,30,2,9,9,30
2015,ND,37160,,17,1,1,1,2
2015,ND,73751,,8,1,1,1,1
2015,ND,89364,,9,1,2,2,5
2015,NE,15438,,30,5,6,6,14
2015,NE,19524,,18,1,1,3,18
2015,NE,29678,,16,11,2,3,0
2015,NH,19304,,10,10,1,1,10
2015,NH,42260,,6,1,1,1,6
2015,NH,59025,,8,4,2,2,8
2015,NH,61163,,8,8,1,1,8
2015,NH,96751,,10,2,2,2,0
2015,NJ,10191,,21,7,1,3,12
2015,NJ,48834,,6,1,1,1,6
2015,NJ,50221,,5,5,1,1,5
2015,NJ,77606,,2,1,1,1,0
2015,NJ,91661,,9,3,3,1,4
2015,NJ,91762,,16,2,3,4,3
2015,NM,19722,,3,1,1,1,0
2015,NM,57173,,13,5,1,1,2
2015,NM,72034,,11,11,1,2,11
2015,NM,75605,,49,4,4,8,1
2015,NM,93091,,12,4,2,2,7
2015,NV,16698,,12,1,2,1,4
2015,NV,29211,,12,1,1,2,12
2015,NV,34996,,31,7,8,4,13
2015,NV,60156,,12,2,2,2,0
2015,NV,95865,,15,1,1,1,2
2015,OH,14650,,36,1,1,6,36
2015,OH,16204,,9,1,1,1,9
2015,OH,20126,,10,1,1,1,4
2015,OH,26734,,5,1,1,1,5
2015,OH,28162,,52,1,2,1,0
2015,OH,29276,,14,1,1,1,0
2015,OH,33931,,10,1,1,1,10
2015,OH,41047,,30,3,1,1,12
2015,OH,52664,,10,2,2,2,10
2015,OH,64353,,3,1,1,2,0
2015,OH,66083,,14,1,2,2,0
2015,OH,67129,,5,1,1,1,5
2015,OH,74313,,8,1,1,1,5
2015,OH,77552,,36,2,4,6,0
2015,OH,92036,,10,1,1,1,10
2015,OH,99969,,15,1,1,1,6
2015,OK,29176,,12,1,1,2,12
2015,OK,85408,,14,1,1,1,2
2015,OK,87571,,71,4,4,11,5
2015,OK,98905,,11,1,1,1,11
2015,OR,10091,,33,4,3,3,15
2015,OR,32536,,6,1,1,1,0
2015,OR,39424,,15,9,3,4,15
2015,OR,56707,,6,6,3,3,6
2015,OR,63474,,24,23,5,3,20
2015,OR,71287,,10,1,1,1,2
2015,OR,85804,,9,5,1,1,4
2015,OR,95417,,4,4,1,1,4
2015,OR,96383,,17,7,2,2,13
2015,OR,99389,,16,16,2,2,10
2015,PA,16322,,37,2,4,4,37
2015,PA,19068,,42,1,1,7,42
2015,PA,22444,,15,2,1,3,7
2015,PA,24872,,5,1,1,1,5
2015,PA,31609,,10,2,2,2,2
2015,PA,33709,,27,8,2,6,8
2015,PA,33871,,6,1,1,1,0
2015,PA,33906,,5,1,1,1,1
2015,PA,45127,,11,1,1,1,9
2015,PA,53789,,56,6,4,8,28
2015,PA,55957,,17,6,3,2,5
2015,PA,64844,,9,1,2,2,5
2015,PA,70194,,23,9,4,4,7
2015,PA,75729,,2,1,1,1,0
2015,PA,91303,,5,1,1,1,1
2015,SC,26065,,18,3,2,2,8
2015,SC,39996,,36,1,1,6,36
2015,SC,41614,,36,1,11,11,11
2015,SC,49532,,23,1,1,1,13
2015,SC,65122,,13,1,2,2,5
2015,SD,31195,,9,1,2,2,4
2015,SD,60536,,16,1,2,2,6
2015,SD,62210,,16,6,1,1,16
2015,TN,14002,,84,7,3,4,30
2015,TN,60299,,30,1,1,5,30
2015,TN,82120,,15,1,3,3,0
2015,TN,99248,,6,1,1,1,0
2015,TX,26539,,6,1,1,1,0
2015,TX,27248,,5,1,1,1,3
2015,TX,28020,,60,2,1,10,40
2015,TX,32673,,42,3,7,7,7
2015,TX,33602,,168,3,3,28,0
2015,TX,40788,,13,4,1,1,6
2015,TX,45786,,5,2,1,1,3
2015,TX,46224,,4,2,1,1,1
2015,TX,55409,,16,1,1,2,2
2015,TX,63141,,13,2,2,2,7
2015,TX,63509,,7,2,1,2,7
2015,TX,71837,,3,1,1,1,0
2015,TX,85947,,10,1,1,1,10
2015,TX,87226,,33,3,1,1,12
2015,TX,91716,,20,1,4,4,16
2015,UT,18167,,3,1,1,1,0
2015,UT,27619,,21,1,4,5,8
2015,UT,34541,,8,8,1,1,4
2015,UT,38927,,10,2,2,2,2
2015,UT,56764,,6,1,1,1,0
2015,UT,68781,,60,6,3,3,0
2015,VA,10207,,11,4,4,1,11
2015,VA,12028,,6,1,1,1,3
2015,VA,15668,,9,1,1,1,9
2015,VA,20507,,7,3,1,1,0
2015,VA,38234,,12,1,2,2,12
2015,VA,40308,,4,4,2,2,0
2015,VA,88380,,19,3,2,4,0
2015,VA,95185,,10,1,1,1,1
2015,VA,99663,,18,1,5,5,12
2015,WI,32754,,33,3,1,1,33
2015,WI,37833,,101,6,3,3,93
2015,WI,38166,,18,2,2,2,2
2015,WI,38345,,24,3,3,4,19
2015,WI,39924,,10,1,1,1,10
2015,WI,47342,,26,1,1,2,12
2015,WI,52697,,3,1,1,1,1
2015,WI,57845,,8,1,1,1,1
2015,WI,58326,,9,1,1,1,6
2015,WI,58564,,5,1,1,1,4
2015,WI,79475,,13,2,2,2,0
2015,WI,84670,,111,2,1,3,75
2015,WI,87416,,20,1,2,1,4
2015,WI,91058,,16,2,1,1,0
2015,WI,94529,,22,1,2,2,22
2015,WV,31274,,15,6,2,2,3
2015,WY,11269,,30,2,1,1,25
2015,WY,53189,,13,1,1,1,0
2016,AK,38344,,6,2,1,1,0
2016,AK,73836,,11,5,2,1,5
2016,AL,44580,,10,1,2,2,0
2016,AL,46944,,8,8,2,2,2
2016,AL,68259,,6,1,1,1,6
2016,AR,37903,,2,1,1,1,0
2016,AR,62141,,5,2,1,1,2
2016,AR,65817,,19,2,1,1,19
2016,AR,70525,,6,1,1,1,0
2016,AR,75293,,12,12,2,2,1
2016,AZ,23307,,10,1,2,2,0
2016,AZ,53901,,22,9,3,2,6
2016,AZ,65441,,18,6,6,1,18
2016,AZ,70239,,32,1,2,7,32
2016,AZ,78611,,7,1,1,1,7
2016,AZ,91450,,6,1,1,1,2
2016,AZ,97667,,7,1,1,1,7
2016,AZ,98971,,11,1,1,1,1
2016,DE,29497,,4,1,1,1,0
2016,DE,67190,,4,1,1,1,0
2016,DE,76168,,21,7,2,2,6
2016,FL,16842,,18,2,2,2,0
2016,FL,18628,,5,1,1,1,0
2016,FL,21663,,16,3,1,1,16
2016,FL,27357,,70,4,2,2,35
2016,FL,30252,,13,2,2,2,5
2016,FL,35783,,35,2,4,6,0
2016,FL,54172,,3,1,1,1,0
2016,FL,56503,,66,33,1,1,28
2016,FL,57451,,5,1,1,1,1
2016,FL,68398,,7,1,1,1,0
2016,GA,43802,,9,1,1,1,0
2016,GA,49046,,13,2,2,2,0
2016,GA,50491,,6,1,1,1,0
2016,GA,70893,,16,3,1,1,16
2016,GA,82824,,54,1,9,9,54
2016,GA,83761,,8,1,1,1,0
2016,GA,89942,,10,1,1,1,1
2016,GA,93332,,22,2,5,5,0
2016,GA,95852,,5,1,1,1,5
2016,HI,18350,,11,2,5,1,0
2016,HI,60612,,10,1,1,1,0
2016,IA,18973,,44,8,11,11,0
2016,IA,27651,,16,2,1,1,0
2016,IA,51902,,10,1,1,1,10
2016,IA,93078,,10,1,1,1,10
2016,IL,16724,,10,1,1,1,1
2016,IL,20129,,22,4,3,3,15
2016,IL,27833,,8,2,1,1,8
2016,IL,35670,,12,2,4,4,0
2016,IL,36096,,176,4,4,37,176
2016,IL,58288,,10,1,2,2,0
2016,IL,78463,,5,1,1,1,5
2016,IL,96601,,20,4,5,5,0
2016,IL,99129,,4,1,1,1,4
2016,IN,17575,,17,3,2,2,5
2016,IN,33380,,11,2,2,1,5
2016,IN,36373,,9,1,1,1,2
2016,IN,50816,,9,2,1,1,0
2016,IN,54192,,12,2,2,2,0
2016,IN,62033,,9,2,1,1,4
2016,IN,67920,,7,1,1,1,2
2016,IN,76179,,16,3,1,1,16
2016,KS,18558,,14,3,2,2,8
2016,KS,27811,,5,1,1,1,2
2016,KS,50274,,8,1,1,1,8
2016,KS,94248,,15,2,4,1,2
2016,LA,19636,,14,3,3,3,6
2016,LA,38499,,6,1,1,1,6
2016,LA,44965,,15,1,1,3,0
2016,LA,67243,,10,1,2,2,0
2016,LA,97176,,14,3,2,2,7
2016,ME,48396,,45,4,4,6,6
2016,ME,96667,,8,2,2,2,8
2016,MI,15560,,18,7,3,3,4
2016,MI,29241,,8,1,1,1,5
2016,MI,29698,,38,2,2,4,30
2016,MI,34620,,4,2,2,1,4
2016,MI,37651,,22,3,3,3,6
2016,MI,40047,,3,1,1,1,0
2016,MI,46275,,10,1,2,2,0
2016,MI,58594,,14,2,2,2,10
2016,MI,60829,,14,4,2,2,5
2016,MI,67183,,2,1,1,1,0
2016,MI,67577,,8,1,1,1,2
2016,MI,71667,,10,1,1,1,10
2016,MI,74917,,5,1,1,1,4
2016,MI,98185,,26,3,4,5,6
2016,MO,16049,,8,1,1,1,1
2016,MO,30613,,15,1,2,3,0
2016,MO,32753,,18,2,2,2,5
2016,MO,34762,,15,3,4,2,2
2016,MO,44240,,23,2,5,5,13
2016,MO,44527,,12,2,4,4,0
2016,MO,74483,,8,1,1,1,8
2016,MS,48963,,22,2,4,4,0
2016,MS,90714,,16,3,1,1,16
2016,MS,97560,,6,1,1,1,6
2016,MT,23603,,12,3,2,1,4
2016,MT,30751,,17,3,3,4,16
2016,MT,32225,,11,3,2,2,0
2016,NC,11512,,42,6,6,8,6
2016,NC,54332,,9,1,1,1,0
2016,NC,61671,,32,2,5,5,32
2016,ND,37160,,6,1,1,1,0
2016,ND,73751,,20,2,2,2,12
2016,ND,89364,,10,1,2,2,3
2016,NE,15438,,20,5,5,5,0
2016,NE,20305,,10,1,1,1,10
2016,NE,29678,,11,2,2,3,0
2016,NE,44751,,8,1,1,1,8
2016,NH,59025,,9,2,2,2,9
2016,NH,61163,,10,10,1,1,3
2016,NH,75841,,2,1,1,1,2
2016,NH,96751,,11,2,3,2,1
2016,NJ,10191,,17,7,3,3,0
2016,NJ,48834,,8,1,1,1,4
2016,NJ,50221,,9,9,1,1,6
2016,NJ,77606,,6,1,2,2,1
2016,NJ,91661,,9,3,2,1,5
2016,NJ,91762,,19,2,4,5,3
2016,NM,19722,,3,1,1,1,0
2016,NM,57173,,13,5,1,1,13
2016,NM,72034,,11,11,1,2,0
2016,NM,93091,,7,2,1,1,1
2016,NV,16698,,21,1,4,2,10
2016,NV,33670,,11,1,1,1,11
2016,NV,60156,,17,2,2,2,6
2016,NV,95865,,16,1,1,1,7
2016,OH,20126,,9,1,1,1,0
2016,OH,23340,,14,1,2,1,14
2016,OH,26734,,10,1,1,1,5
2016,OH,28162,,60,1,2,2,12
2016,OH,29276,,39,2,2,4,19
2016,OH,33931,,9,1,1,1,1
2016,OH,41047,,11,2,1,1,8
2016,OH,52664,,10,2,2,2,6
2016,OH,64353,,3,1,1,2,0
2016,OH,66083,,18,1,3,4,0
2016,OH,67129,,4,1,1,1,0
2016,OH,74313,,8,1,1,1,0
2016,OH,77552,,42,2,5,7,0
2016,OH,78726,,9,1,1,1,9
2016,OH,92036,,9,1,1,1,0
2016,OH,99969,,23,2,3,5,12
2016,OK,45480,,10,1,1,1,10
2016,OK,87571,,64,3,3,14,55
2016,OR,10091,,8,4,2,2,0
2016,OR,30969,,8,8,1,1,8
2016,OR,32536,,12,2,1,1,6
2016,OR,39424,,16,9,3,4,10
2016,OR,56707,,13,7,3,3,10
2016,OR,63474,,17,16,4,3,11
2016,OR,71287,,10,1,1,1,4
2016,OR,85804,,9,5,2,1,8
2016,OR,95417,,4,4,1,1,0
2016,PA,16322,,24,2,3,3,14
2016,PA,22444,,14,2,1,5,9
2016,PA,24872,,6,1,1,1,1
2016,PA,31609,,10,2,2,2,0
2016,PA,33709,,4,1,1,1,4
2016,PA,33871,,7,1,1,1,1
2016,PA,36247,,2,1,1,1,2
2016,PA,45127,,10,1,1,1,2
2016,PA,53789,,48,6,4,8,4
2016,PA,55957,,8,4,2,1,0
2016,PA,64844,,19,3,4,4,19
2016,PA,70194,,14,6,4,4,0
2016,PA,75729,,8,1,1,4,0
2016,SC,26065,,23,3,2,2,5
2016,SC,38408,,31,2,5,5,31
2016,SC,49532,,31,1,1,1,9
2016,SC,57860,,9,1,1,1,9
2016,SD,31195,,10,1,2,2,4
2016,SD,60536,,14,1,1,1,1
2016,TN,14002,,72,1,3,4,0
2016,TN,69443,,9,1,1,1,9
2016,TN,82120,,12,1,3,3,0
2016,TN,99248,,12,2,2,2,6
2016,TX,20069,,12,12,1,1,12
2016,TX,26539,,7,1,1,1,1
2016,TX,27248,,5,1,2,1,0
2016,TX,29418,,11,2,1,1,11
2016,TX,32673,,35,2,6,6,0
2016,TX,33602,,338,3,2,52,312
2016,TX,37392,,5,1,1,1,5
2016,TX,37755,,9,3,1,1,0
2016,TX,40788,,11,4,1,1,0
2016,TX,45786,,5,2,1,1,0
2016,TX,46224,,14,4,1,1,10
2016,TX,55409,,7,1,1,1,7
2016,TX,63141,,10,1,1,2,0
2016,TX,63509,,7,2,2,2,7
2016,TX,66252,,35,7,4,5,35
2016,TX,71837,,3,1,1,1,0
2016,TX,76589,,7,1,1,1,7
2016,TX,85947,,10,1,1,1,1
2016,TX,91716,,12,1,3,3,12
2016,UT,18167,,3,1,1,1,0
2016,UT,42261,,5,1,1,2,5
2016,UT,56764,,6,1,1,1,0
2016,UT,68781,,60,6,3,3,0
2016,VA,10207,,10,2,5,1,1
2016,VA,12028,,8,1,1,1,8
2016,VA,15668,,10,1,1,1,1
2016,VA,20507,,13,2,3,3,7
2016,VA,37204,,10,1,1,1,10
2016,VA,38234,,12,1,2,2,0
2016,VA,38599,,6,1,1,1,6
2016,VA,40308,,3,2,2,1,0
2016,VA,88380,,27,3,2,6,5
2016,VA,95185,,10,1,1,1,0
2016,VA,99663,,18,1,5,5,0
2016,WI,32754,,4,1,1,1,0
2016,WI,37833,,78,3,3,3,23
2016,WI,38166,,18,2,2,2,2
2016,WI,38345,,38,3,3,3,18
2016,WI,39924,,10,1,1,1,1
2016,WI,47342,,34,1,1,2,16
2016,WI,52697,,3,1,1,1,0
2016,WI,57845,,10,1,1,1,2
2016,WI,58326,,9,1,1,1,0
2016,WI,58564,,15,1,1,1,15
2016,WI,79475,,14,2,2,2,4
2016,WI,81413,,8,2,2,2,8
2016,WI,84670,,84,2,1,6,54
2016,WI,87416,,10,1,1,1,0
2016,WI,91058,,16,2,1,1,0
2016,WI,94529,,24,1,2,2,4
2016,WV,31274,,17,6,2,2,1
2016,WV,50328,,30,2,5,5,30
2016,WY,11269,,30,2,1,1,0
2017,AK,38344,,5,2,1,1,0
2017,AL,46944,,7,7,2,2,0
2017,AR,37903,,2,1,1,1,0
2017,AR,62141,,7,2,1,1,2
2017,AR,70525,,5,1,1,2,0
2017,AR,75293,,12,2,2,2,12
2017,AZ,53901,,26,3,1,8,25
2017,AZ,91450,,6,1,1,2,4
2017,DE,29497,,6,1,1,1,2
2017,DE,67190,,6,1,1,1,2
2017,DE,76168,,8,5,1,1,1
2017,FL,16842,,26,2,2,2,8
2017,FL,21663,,18,3,1,1,5
2017,FL,30252,,20,2,2,2,7
2017,FL,35783,,21,1,3,5,1
2017,FL,36194,,60,4,2,2,60
2017,FL,54172,,5,2,1,1,2
2017,FL,56503,,33,33,1,1,2
2017,GA,49046,,78,2,4,12,67
2017,GA,70893,,18,3,1,1,5
2017,GA,83761,,13,1,1,1,7
2017,GA,89942,,12,1,1,1,1
2017,GA,93332,,17,1,4,4,2
2017,HI,18350,,12,2,5,1,1
2017,HI,60612,,11,1,1,1,1
2017,IA,18973,,61,2,10,10,61
2017,IA,27651,,16,2,1,1,0
2017,IA,74406,,4,3,1,2,4
2017,IA,87928,,3,3,1,2,3
2017,IA,93078,,6,1,1,2,0
2017,IL,20129,,17,3,2,2,5
2017,IL,27833,,9,2,1,1,4
2017,IL,36096,,179,5,5,38,29
2017,IL,53882,,7,1,1,1,7
2017,IL,58288,,5,1,1,2,1
2017,IN,17575,,16,3,2,2,1
2017,IN,54192,,16,4,2,2,10
2017,IN,62033,,8,2,1,1,0
2017,IN,76179,,15,3,1,1,2
2017,KS,27811,,5,1,1,1,5
2017,KS,39520,,7,1,1,1,7
2017,KS,94248,,11,3,3,1,4
2017,KY,15411,,7,1,2,3,1
2017,KY,36239,,14,3,3,3,1
2017,KY,45636,,11,4,1,1,4
2017,LA,19636,,15,4,3,4,5
2017,LA,44965,,10,1,1,4,1
2017,LA,67243,,10,1,2,2,0
2017,LA,97176,,5,2,1,1,0
2017,ME,33653,,9,3,1,1,0
2017,ME,48396,,33,4,4,6,6
2017,ME,96667,,8,2,2,2,8
2017,MI,15560,,12,6,3,3,2
2017,MI,29698,,41,2,3,5,31
2017,MI,37651,,19,3,3,3,0
2017,MI,40047,,5,2,1,1,2
2017,MI,46275,,7,1,2,3,1
2017,MI,58594,,6,1,1,1,2
2017,MI,60829,,35,4,2,2,24
2017,MI,67183,,6,1,1,1,4
2017,MI,74917,,6,1,1,1,2
2017,MI,98185,,26,4,4,5,4
2017,MO,30613,,10,1,2,4,1
2017,MO,32753,,16,2,2,2,3
2017,MO,34762,,5,2,2,3,0
2017,MO,74483,,16,1,2,2,10
2017,MS,48963,,19,2,4,6,13
2017,MS,90714,,17,3,1,1,4
2017,MT,23603,,6,1,2,2,6
2017,MT,30751,,48,3,3,10,4
2017,MT,32225,,9,3,2,2,0
2017,NC,11512,,32,5,5,7,0
2017,NC,73943,,8,1,1,1,8
2017,ND,37160,,7,1,2,1,2
2017,ND,73751,,14,2,2,2,0
2017,ND,89364,,10,1,2,2,1
2017,NE,20305,,6,1,1,2,0
2017,NE,44794,,25,2,4,4,25
2017,NH,59025,,8,2,2,2,8
2017,NH,61163,,11,11,1,1,1
2017,NH,75841,,2,1,1,1,0
2017,NH,96751,,13,2,3,2,2
2017,NJ,77606,,4,1,2,2,0
2017,NJ,91661,,7,3,2,1,0
2017,NJ,91762,,13,1,3,3,1
2017,NM,19722,,3,1,1,1,0
2017,NM,72034,,9,9,1,2,0
2017,NM,75605,,30,1,1,5,30
2017,NM,93091,,9,3,2,2,3
2017,NV,16698,,10,1,2,2,7
2017,NV,33670,,9,1,1,1,0
2017,NV,60156,,12,2,2,2,1
2017,NV,95865,,10,1,1,1,0
2017,OH,23340,,10,1,2,1,3
2017,OH,26734,,10,1,1,1,5
2017,OH,28162,,45,1,2,2,1
2017,OH,29276,,181,2,2,18,65
2017,OH,41047,,11,3,1,1,4
2017,OH,52664,,5,2,1,1,1
2017,OH,64353,,5,2,1,2,2
2017,OH,66083,,7,1,2,2,0
2017,OH,74313,,6,1,1,1,2
2017,OH,77552,,10,4,1,1,4
2017,OH,99969,,28,2,3,5,24
2017,OK,87571,,75,3,3,15,5
2017,OR,10091,,8,2,2,2,4
2017,OR,32536,,14,3,1,2,3
2017,OR,39424,,10,4,2,2,9
2017,OR,56707,,16,7,3,6,0
2017,OR,63474,,8,3,1,2,2
2017,OR,71287,,10,1,1,1,0
2017,PA,16322,,27,2,3,3,3
2017,PA,22444,,12,2,1,4,5
2017,PA,31609,,7,2,1,1,0
2017,PA,33709,,10,3,1,3,5
2017,PA,33871,,5,1,1,1,0
2017,PA,45127,,2,1,1,1,0
2017,PA,70194,,11,5,2,4,8
2017,PA,83731,,7,2,1,2,7
2017,SC,26065,,26,3,2,2,3
2017,SD,31195,,10,1,2,2,1
2017,SD,60536,,12,1,1,1,1
2017,TN,14002,,20,1,1,5,20
2017,TN,82120,,10,1,3,3,0
2017,TN,99248,,23,1,2,3,17
2017,TX,20069,,7,7,1,1,3
2017,TX,26539,,5,1,1,1,2
2017,TX,27248,,7,1,2,2,2
2017,TX,29418,,13,2,1,1,4
2017,TX,32673,,17,2,4,5,13
2017,TX,33602,,364,3,2,52,26
2017,TX,37392,,6,1,1,1,5
2017,TX,45786,,6,3,1,1,1
2017,TX,66252,,30,5,1,6,5
2017,TX,71837,,3,1,1,1,0
2017,UT,18167,,5,1,1,1,2
2017,UT,42261,,5,3,1,2,4
2017,UT,68781,,18,2,2,2,2
2017,VA,10207,,5,2,4,1,0
2017,VA,12028,,7,1,1,1,2
2017,VA,15668,,12,1,1,1,2
2017,VA,20507,,6,1,2,2,1
2017,VA,37204,,12,1,1,1,2
2017,VA,38599,,5,1,1,2,0
2017,VA,40308,,2,1,2,1,0
2017,VA,41921,,18,1,1,2,18
2017,VA,88380,,24,3,2,6,2
2017,VA,93187,,31,1,5,5,31
2017,VA,95185,,12,1,1,1,3
2017,WI,14630,,4,1,1,1,4
2017,WI,20173,,8,1,1,1,8
2017,WI,37833,,105,3,4,5,57
2017,WI,38166,,22,2,2,2,4
2017,WI,38345,,15,2,2,2,2
2017,WI,47342,,28,1,1,2,0
2017,WI,52697,,5,2,1,1,2
2017,WI,57845,,7,1,1,1,0
2017,WI,58326,,9,1,1,1,3
2017,WI,79475,,13,2,2,2,2
2017,WI,81413,,18,2,2,2,14
2017,WI,86584,,16,2,1,1,16
2017,WI,87416,,11,1,1,1,2
2017,WI,91058,,16,2,1,1,0
2017,WI,94529,,39,2,2,2,23
2017,WV,31274,,7,2,1,1,6
2017,WV,50328,,10,4,1,1,4
2017,WY,11269,,30,2,1,1,0
2018,AK,38344,,5,1,1,1,2
2018,AL,46944,,7,7,1,1,2
2018,AL,73301,,6,1,1,1,6
2018,AR,37903,,3,1,1,1,1
2018,AR,62141,,8,2,1,1,1
2018,AR,70525,,6,1,1,2,1
2018,AR,75293,,10,2,2,2,6
2018,AZ,53901,,35,1,1,7,15
2018,AZ,91450,,9,1,1,2,3
2018,DE,76168,,7,3,1,1,1
2018,FL,16842,,24,2,2,2,4
2018,FL,21663,,19,3,1,1,1
2018,FL,30252,,20,2,2,2,1
2018,FL,36194,,68,8,2,2,68
2018,FL,54172,,5,2,1,1,0
2018,FL,56503,,34,34,1,1,1
2018,GA,49046,,42,1,2,3,12
2018,GA,70893,,12,3,1,1,1
2018,GA,83761,,6,1,1,1,0
2018,GA,89942,,18,1,2,2,2
2018,HI,18350,,11,2,5,1,0
2018,HI,60612,,11,1,1,1,0
2018,IA,93078,,18,3,3,3,13
2018,IL,20129,,61,4,2,5,49
2018,IL,27833,,9,2,1,1,0
2018,IL,36096,,93,4,4,25,93
2018,IL,53882,,5,1,1,1,2
2018,IN,54192,,19,4,2,2,19
2018,IN,76179,,14,3,1,1,2
2018,KS,18558,,5,1,1,1,5
2018,KS,39520,,14,2,2,2,8
2018,KS,80065,,4,1,1,1,4
2018,KY,36239,,10,1,1,2,6
2018,KY,45636,,14,4,1,1,13
2018,LA,19636,,21,4,4,6,9
2018,LA,67243,,14,1,2,2,4
2018,LA,97176,,5,2,1,1,0
2018,ME,33653,,10,6,1,1,3
2018,ME,96667,,8,2,2,3,8
2018,MI,15560,,8,3,1,1,0
2018,MI,29698,,13,1,7,6,13
2018,MI,40047,,5,2,1,1,2
2018,MI,58594,,6,1,1,1,1
2018,MI,60829,,25,4,2,2,3
2018,MI,67183,,7,1,1,1,1
2018,MI,74917,,4,1,1,1,0
2018,MI,98185,,22,3,3,4,7
2018,MO,32753,,16,1,1,1,16
2018,MO,74483,,10,1,2,2,2
2018,MO,99723,,5,1,1,1,5
2018,MS,90714,,5,2,1,1,1
2018,MT,23603,,6,1,2,2,0
2018,MT,30751,,26,2,2,6,26
2018,MT,32225,,12,2,2,2,12
2018,NC,11512,,27,5,5,7,0
2018,NC,73943,,6,1,1,1,2
2018,ND,37160,,7,1,2,1,0
2018,ND,89364,,8,1,1,1,4
2018,NE,20305,,12,2,2,3,8
2018,NH,59025,,2,1,1,1,2
2018,NH,75841,,2,1,1,1,0
2018,NH,96751,,11,1,1,1,3
2018,NJ,23818,,5,5,1,1,5
2018,NJ,77606,,3,1,2,2,0
2018,NJ,91661,,7,3,2,1,0
2018,NJ,91762,,8,1,3,3,0
2018,NM,19722,,3,1,1,1,0
2018,NM,72034,,7,7,1,2,0
2018,NM,75605,,30,1,1,5,30
2018,NM,93091,,5,1,1,1,2
2018,NV,45142,,4,1,1,1,4
2018,NV,95865,,10,1,1,1,0
2018,OH,28162,,49,1,2,2,4
2018,OH,41047,,12,3,1,1,1
2018,OH,45845,,8,8,1,1,8
2018,OH,52664,,6,2,1,1,2
2018,OH,64353,,5,2,1,3,2
2018,OH,74313,,8,1,1,3,1
2018,OH,77552,,13,4,1,1,13
2018,OH,99969,,44,1,4,7,34
2018,OK,87571,,35,2,2,10,35
2018,OR,10091,,8,1,2,2,0
2018,OR,39424,,11,3,2,2,3
2018,OR,56707,,8,7,3,3,8
2018,OR,63474,,6,2,1,1,6
2018,OR,71287,,10,1,1,1,0
2018,PA,16322,,41,2,5,5,14
2018,PA,22444,,27,2,2,8,12
2018,PA,31609,,7,2,1,1,3
2018,PA,33709,,9,3,2,3,8
2018,PA,33871,,4,1,1,1,0
2018,PA,38949,,4,1,1,1,4
2018,PA,45127,,3,1,1,1,1
2018,PA,70194,,10,4,1,2,10
2018,PA,83731,,6,4,1,2,3
2018,SC,26065,,24,2,1,1,0
2018,SD,31195,,17,1,2,2,7
2018,SD,60536,,8,1,1,1,1
2018,TN,14002,,24,1,1,6,4
2018,TN,23552,,8,8,1,1,8
2018,TN,99248,,12,1,2,3,6
2018,TX,20069,,8,8,1,1,2
2018,TX,26539,,6,1,1,1,0
2018,TX,27248,,8,1,2,2,1
2018,TX,29418,,14,2,1,1,1
2018,TX,33602,,182,2,1,26,182
2018,TX,45786,,6,3,1,1,0
2018,TX,66252,,25,5,1,5,0
2018,TX,71837,,4,1,1,1,1
2018,UT,42261,,8,2,2,2,4
2018,UT,68781,,24,2,2,2,8
2018,VA,10207,,3,1,2,1,0
2018,VA,20507,,7,1,2,2,2
2018,VA,37204,,10,1,1,1,10
2018,VA,40308,,2,1,2,1,0
2018,VA,41921,,10,1,1,2,2
2018,VA,88380,,11,1,1,1,3
2018,VA,95185,,11,1,1,1,1
2018,WI,14630,,8,1,1,1,4
2018,WI,20173,,7,1,1,1,1
2018,WI,37833,,132,3,4,6,57
2018,WI,38166,,14,1,1,1,4
2018,WI,38345,,14,2,2,2,1
2018,WI,57845,,14,2,2,2,8
2018,WI,58326,,10,1,1,1,1
2018,WI,81413,,12,2,2,2,0
2018,WI,86584,,18,2,1,1,2
2018,WI,87416,,8,1,1,2,8
2018,WI,94529,,34,2,2,2,7
2018,WV,31274,,8,2,1,1,2
2018,WV,50328,,13,4,1,1,13
2018,WY,11269,,10,1,1,1,3
2019,AK,38344,,5,2,1,1,5
2019,AL,46944,,7,7,1,1,0
2019,AL,73301,,6,1,1,1,2
2019,AR,37903,,3,1,1,1,0
2019,AR,62141,,8,2,1,1,1
2019,AR,70525,,5,1,1,2,0
2019,AR,75293,,9,2,2,2,1
2019,AZ,13877,,8,8,1,1,8
2019,AZ,53901,,66,1,2,11,41
2019,AZ,87247,,12,1,2,2,12
2019,AZ,91450,,11,1,1,2,2
2019,AZ,97667,,5,1,1,1,4
2019,DE,76168,,8,3,1,1,3
2019,FL,16842,,24,2,2,2,0
2019,FL,21663,,14,3,1,1,1
2019,FL,30252,,20,2,2,2,0
2019,FL,36194,,46,4,2,2,0
2019,FL,40572,,8,8,1,1,8
2019,FL,54172,,3,1,1,1,0
2019,FL,56503,,33,33,1,1,3
2019,GA,49046,,36,1,2,7,24
2019,GA,70893,,20,3,1,3,10
2019,GA,83761,,160,1,1,20,152
2019,GA,89942,,16,1,2,2,2
2019,HI,18350,,12,2,5,1,1
2019,HI,60612,,11,1,1,1,0
2019,IA,25896,,4,1,1,1,4
2019,IA,74406,,4,1,1,1,4
2019,IA,93078,,23,4,4,5,23
2019,IL,20129,,32,2,2,4,14
2019,IL,27833,,9,2,1,1,1
2019,IL,33235,,12,1,1,1,12
2019,IL,36096,,93,4,4,25,0
2019,IL,53882,,5,1,1,1,0
2019,IN,54192,,11,2,1,1,0
2019,IN,76179,,11,3,1,1,1
2019,KS,18558,,5,1,1,1,0
2019,KS,39520,,13,2,2,2,7
2019,KS,80065,,5,2,1,1,2
2019,KY,36239,,13,1,2,2,5
2019,KY,45636,,12,2,1,1,2
2019,LA,19636,,21,4,4,6,0
2019,LA,67243,,20,1,2,2,2
2019,LA,97176,,5,2,1,1,0
2019,ME,33653,,12,6,1,1,2
2019,ME,48396,,30,2,2,3,30
2019,ME,96667,,7,1,2,3,7
2019,MI,15560,,8,3,1,1,0
2019,MI,29698,,13,1,7,6,13
2019,MI,40047,,2,1,1,1,0
2019,MI,58594,,8,1,1,1,4
2019,MI,60829,,18,4,2,2,6
2019,MI,67183,,7,1,1,1,0
2019,MI,74917,,4,1,1,1,0
2019,MI,77739,,8,8,1,1,8
2019,MI,98185,,16,3,3,3,0
2019,MO,32753,,18,1,1,1,2
2019,MO,53461,,7,1,1,1,7
2019,MO,74483,,10,1,2,2,0
2019,MO,99723,,13,2,1,3,8
2019,MS,90714,,5,2,1,1,1
2019,MT,23603,,6,1,2,2,0
2019,MT,30751,,34,2,2,6,8
2019,MT,32225,,12,2,2,2,0
2019,NC,11512,,66,4,4,13,44
2019,NC,73943,,5,1,1,1,0
2019,NC,77264,,6,1,1,1,6
2019,ND,37160,,7,1,2,1,0
2019,ND,73751,,12,2,2,3,12
2019,ND,89364,,16,2,2,2,0
2019,NE,20305,,17,3,3,4,17
2019,NH,59025,,4,1,1,1,4
2019,NH,75841,,3,1,1,1,1
2019,NH,96751,,10,1,1,1,1
2019,NJ,23818,,6,6,1,1,0
2019,NJ,77606,,3,1,2,2,0
2019,NJ,91661,,7,3,2,1,0
2019,NJ,91762,,8,1,3,3,0
2019,NM,19722,,3,1,1,1,0
2019,NM,72034,,9,9,1,2,2
2019,NM,75605,,35,1,1,5,5
2019,NM,93091,,7,1,1,1,2
2019,NV,45142,,5,1,1,1,1
2019,NV,95865,,9,1,1,1,1
2019,OH,28162,,45,1,2,2,4
2019,OH,29276,,17,1,1,1,17
2019,OH,29341,,8,8,1,1,0
2019,OH,41047,,9,3,1,1,1
2019,OH,45845,,8,8,1,1,0
2019,OH,52664,,7,1,1,1,7
2019,OH,64353,,2,1,1,2,0
2019,OH,74313,,8,1,1,3,0
2019,OH,77552,,11,2,1,1,2
2019,OH,99969,,63,1,5,7,31
2019,OK,21333,,12,2,2,2,12
2019,OK,87571,,40,2,2,10,5
2019,OR,10091,,10,2,2,2,2
2019,OR,39424,,15,3,3,3,15
2019,OR,56707,,10,9,3,3,10
2019,OR,63474,,6,2,1,1,2
2019,OR,71287,,10,1,1,1,1
2019,PA,16322,,30,2,6,6,6
2019,PA,22444,,68,2,1,16,45
2019,PA,31609,,7,2,1,1,0
2019,PA,33709,,13,5,1,3,4
2019,PA,33871,,4,1,1,1,0
2019,PA,38949,,12,4,1,2,8
2019,PA,45127,,3,1,1,1,0
2019,PA,70194,,14,6,1,2,4
2019,PA,75729,,39,1,1,13,39
2019,PA,83731,,9,4,1,2,2
2019,PA,86199,,5,1,1,1,5
2019,SC,26065,,28,2,1,3,4
2019,SC,79222,,5,1,1,1,5
2019,SD,31195,,16,2,2,2,1
2019,SD,60536,,10,2,1,2,3
2019,TN,14002,,24,1,1,6,24
2019,TN,23552,,8,8,1,1,0
2019,TN,70111,,5,1,1,1,5
2019,TN,97906,,19,1,3,3,19
2019,TN,99248,,21,1,3,4,9
2019,TX,20069,,8,8,1,1,0
2019,TX,26539,,6,1,1,1,0
2019,TX,27248,,9,1,2,2,1
2019,TX,29418,,17,2,1,3,7
2019,TX,33602,,234,2,1,26,78
2019,TX,45786,,5,2,1,1,0
2019,TX,66252,,36,6,1,6,11
2019,TX,71837,,5,1,1,1,1
2019,UT,18167,,2,1,1,1,1
2019,UT,42261,,10,2,2,2,2
2019,UT,68781,,28,3,2,2,4
2019,VA,10207,,3,1,2,1,0
2019,VA,20507,,24,1,3,3,20
2019,VA,37204,,14,2,1,2,8
2019,VA,40308,,2,1,2,1,0
2019,VA,41921,,10,1,1,2,0
2019,VA,80352,,4,1,1,1,4
2019,VA,88380,,9,1,1,1,1
2019,VA,95185,,9,1,1,1,0
2019,WI,14630,,7,1,1,1,0
2019,WI,20173,,6,1,1,1,1
2019,WI,37833,,114,3,4,6,54
2019,WI,38166,,9,1,1,1,4
2019,WI,38345,,14,2,2,2,0
2019,WI,52697,,2,1,1,1,2
2019,WI,57845,,12,2,2,3,12
2019,WI,58326,,10,1,1,1,0
2019,WI,81413,,18,2,2,2,8
2019,WI,86584,,18,2,1,1,0
2019,WI,87416,,8,1,1,2,4
2019,WI,94529,,27,2,2,2,8
2019,WV,31274,,7,3,1,1,7
2019,WV,50328,,11,2,1,1,2
2019,WY,11269,,10,1,1,1,0
2020,AK,38344,,5,2,1,1,0
2020,AK,77963,,4,1,1,1,4
2020,AL,46944,,7,7,1,1,0
2020,AL,73301,,8,1,1,1,2
2020,AR,37903,,3,1,1,1,3
2020,AR,62141,,13,2,1,1,6
2020,AR,70525,,4,1,1,1,4
2020,AR,75293,,7,1,1,1,0
2020,AZ,13877,,10,1,1,1,2
2020,AZ,53901,,73,1,3,12,7
2020,AZ,87247,,20,1,2,2,8
2020,AZ,91450,,32,2,1,2,26
2020,AZ,97667,,5,1,1,1,0
2020,DE,76168,,9,3,1,1,2
2020,FL,12379,,32,1,4,4,32
2020,FL,16842,,24,2,2,2,0
2020,FL,21663,,54,2,1,3,48
2020,FL,30252,,27,2,2,3,0
2020,FL,36194,,44,4,2,2,22
2020,FL,40572,,10,1,1,1,2
2020,FL,48121,,16,1,1,2,16
2020,FL,54172,,8,3,1,1,5
2020,FL,56503,,33,33,1,1,0
2020,GA,49046,,36,1,2,6,4
2020,GA,58081,,10,1,1,1,10
2020,GA,60224,,11,2,1,1,11
2020,GA,70893,,22,2,1,2,15
2020,GA,83761,,154,1,1,22,7
2020,GA,89942,,16,1,2,2,2
2020,HI,18350,,12,2,5,1,1
2020,HI,60612,,11,1,1,1,0
2020,IA,25896,,4,1,1,1,0
2020,IA,74406,,4,1,1,1,0
2020,IA,93078,,27,4,4,5,4
2020,IL,20129,,14,2,1,3,4
2020,IL,27833,,15,2,1,1,9
2020,IL,36096,,96,4,4,24,4
2020,IL,53882,,5,1,1,1,0
2020,IL,85773,,12,1,1,1,12
2020,IN,54192,,11,2,1,1,0
2020,IN,76179,,20,2,1,1,14
2020,KS,18558,,5,1,1,1,0
2020,KS,39520,,24,3,3,3,11
2020,KS,43490,,10,1,1,1,10
2020,KS,76763,,10,1,2,2,10
2020,KS,80065,,34,2,1,2,30
2020,KY,36239,,13,1,2,2,0
2020,KY,45636,,12,2,1,1,0
2020,LA,19636,,24,5,5,7,3
2020,LA,67243,,6,1,1,1,0
2020,LA,97176,,5,2,1,1,0
2020,LA,98780,,15,5,1,3,15
2020,ME,33653,,14,6,1,1,2
2020,ME,48396,,33,2,2,3,3
2020,ME,96667,,9,1,2,3,9
2020,MI,15560,,9,3,1,2,1
2020,MI,29698,,30,1,7,6,30
2020,MI,40047,,8,3,1,1,5
2020,MI,58594,,6,1,1,1,0
2020,MI,60829,,18,4,2,2,3
2020,MI,67183,,7,1,1,1,0
2020,MI,74917,,5,1,1,1,0
2020,MI,77739,,10,1,1,1,2
2020,MI,98185,,16,3,3,4,0
2020,MO,32753,,17,1,1,1,0
2020,MO,47840,,10,1,1,1,10
2020,MO,53461,,8,1,1,1,1
2020,MO,69512,,10,1,1,1,10
2020,MO,74483,,10,1,2,2,0
2020,MO,96384,,5,1,1,1,5
2020,MO,99723,,28,2,1,2,16
2020,MS,79975,,8,3,1,1,8
2020,MS,90714,,16,2,1,2,14
2020,MT,23603,,10,1,2,2,4
2020,MT,30751,,34,2,2,6,0
2020,MT,32225,,10,2,1,1,0
2020,NC,11512,,67,5,5,10,12
2020,NC,37900,,16,1,2,2,16
2020,NC,73943,,5,1,1,1,0
2020,NC,77264,,8,1,1,1,5
2020,ND,37160,,7,1,2,1,0
2020,ND,73751,,12,2,2,3,2
2020,ND,89364,,16,2,2,2,0
2020,NE,20305,,21,3,3,5,4
2020,NE,83653,,16,1,2,2,16
2020,NH,59025,,9,1,1,1,9
2020,NH,75841,,7,1,1,1,6
2020,NH,96751,,10,1,1,1,0
2020,NJ,23818,,6,1,1,1,0
2020,NJ,77606,,3,1,2,2,0
2020,NJ,91661,,8,3,2,1,1
2020,NJ,91762,,8,1,3,3,0
2020,NM,19722,,6,3,1,1,3
2020,NM,42776,,7,1,1,1,7
2020,NM,75605,,35,1,1,5,0
2020,NM,93091,,7,1,1,1,0
2020,OH,28162,,45,1,2,2,4
2020,OH,29276,,17,1,1,1,0
2020,OH,29341,,10,1,1,1,2
2020,OH,41047,,36,2,1,2,32
2020,OH,45845,,10,1,1,1,2
2020,OH,52664,,8,1,1,1,1
2020,OH,64353,,8,3,1,2,5
2020,OH,74313,,9,1,1,2,1
2020,OH,77552,,11,2,1,1,0
2020,OH,99969,,60,1,5,6,20
2020,OK,21333,,15,2,2,2,3
2020,OK,40463,,9,1,1,1,9
2020,OK,87571,,40,2,2,10,0
2020,OR,10091,,18,2,2,2,8
2020,OR,39424,,12,3,2,2,0
2020,OR,56707,,11,9,3,3,11
2020,OR,63474,,15,2,2,2,7
2020,OR,71287,,10,1,1,1,1
2020,PA,16322,,27,2,6,6,0
2020,PA,22444,,77,2,2,19,9
2020,PA,31609,,8,2,1,1,1
2020,PA,33709,,40,15,3,5,28
2020,PA,33871,,9,1,1,6,5
2020,PA,38949,,16,6,1,2,6
2020,PA,45127,,3,1,1,1,0
2020,PA,75729,,39,1,1,13,0
2020,PA,79279,,11,6,1,1,11
2020,PA,79962,,8,3,1,1,8
2020,PA,86199,,16,2,1,1,13
2020,PA,98517,,9,1,1,1,9
2020,SC,16985,,8,1,1,1,8
2020,SC,26065,,28,2,1,3,0
2020,SC,42326,,8,3,1,1,8
2020,SC,79222,,14,2,1,1,11
2020,SD,31195,,16,2,2,2,0
2020,SD,60536,,10,2,1,2,0
2020,TN,14002,,50,1,1,8,26
2020,TN,23552,,10,1,1,1,2
2020,TN,70111,,11,1,1,1,7
2020,TN,97906,,30,1,3,3,11
2020,TN,99248,,30,1,3,6,10
2020,TX,20069,,10,1,1,1,2
2020,TX,26539,,6,1,1,1,0
2020,TX,27248,,6,1,1,1,0
2020,TX,29418,,83,3,1,3,67
2020,TX,33602,,240,3,2,28,6
2020,TX,45786,,10,3,1,1,2
2020,TX,66252,,42,6,1,7,6
2020,TX,71837,,8,1,2,1,3
2020,UT,18167,,8,3,1,1,6
2020,UT,34541,,6,1,1,1,5
2020,UT,42261,,12,2,2,2,2
2020,UT,68781,,30,3,2,2,6
2020,UT,81808,,6,1,1,1,6
2020,VA,10207,,3,1,2,1,0
2020,VA,20507,,15,1,3,3,3
2020,VA,25922,,10,1,1,1,10
2020,VA,37204,,5,1,1,1,5
2020,VA,40308,,2,1,2,1,0
2020,VA,41921,,10,1,1,2,0
2020,VA,80352,,5,1,1,1,1
2020,VA,88380,,10,1,1,2,1
2020,VA,95185,,9,1,1,1,0
2020,WI,14630,,7,1,1,1,0
2020,WI,20173,,6,1,1,1,0
2020,WI,37833,,57,3,3,3,0
2020,WI,38166,,8,1,1,1,2
2020,WI,38345,,52,3,3,5,38
2020,WI,52697,,8,3,1,1,6
2020,WI,57845,,12,2,2,3,2
2020,WI,58326,,10,1,1,1,0
2020,WI,81413,,18,2,2,2,0
2020,WI,84670,,14,1,1,1,14
2020,WI,86584,,18,2,1,1,0
2020,WI,87416,,7,1,1,2,1
2020,WI,94529,,27,2,2,2,4
2020,WV,31274,,8,3,1,1,2
2020,WV,50328,,11,2,1,1,0
2020,WY,11269,,10,1,1,1,0
2021,AK,38344,Premera Blue Cross Blue Shield of Alaska,5,2,1,1,0
2021,AK,77963,Moda Health,4,1,1,1,0
2021,AL,46944,Blue Cross and Blue Shield of Alabama,7,7,1,1,0
2021,AL,73301,Bright HealthCare,8,1,1,1,0
2021,AR,13262,Health Advantage,2,1,1,1,2
2021,AR,37903,QC Life and Health,3,1,1,1,1
2021,AR,62141,Ambetter from Arkansas Health & Wellness,19,2,1,1,10
2021,AR,70525,QCA Health Plan,4,1,1,1,2
2021,AR,75293,Arkansas Blue Cross and Blue Shield,7,1,1,1,0
2021,AZ,13877,"Oscar Health Plan, Inc.",11,1,1,1,4
2021,AZ,40702,UnitedHealthcare,7,1,1,1,7
2021,AZ,53901,Blue Cross Blue Shield of Arizona,96,1,3,12,23
2021,AZ,87247,Bright HealthCare,22,1,2,2,2
2021,AZ,91450,Ambetter from Arizona Complete Health,44,2,1,2,20
2021,AZ,97667,"Cigna HealthCare of Arizona, Inc",8,1,1,1,3
2021,DE,76168,Highmark Blue Cross Blue Shield Delaware,12,4,1,1,5
2021,FL,12379,Bright HealthCare,84,1,6,6,52
2021,FL,16842,Florida Blue (BlueCross BlueShield FL),26,2,2,2,2
2021,FL,19898,AvMed,12,2,1,1,12
2021,FL,21663,Ambetter from Sunshine Health,50,2,1,2,26
2021,FL,30252,Florida Blue HMO (a BlueCross BlueShield FL company),39,2,2,4,12
2021,FL,36194,"Health First Commercial Plans, Inc.",36,6,4,2,6
2021,FL,40572,Oscar Insurance Company of Florida,15,2,1,3,7
2021,FL,48121,Cigna Healthcare,20,1,1,2,4
2021,FL,54172,Molina Healthcare,11,3,1,1,3
2021,FL,56503,Florida Health Care Plans,35,35,1,1,2
2021,GA,49046,"Blue Cross Blue Shield Healthcare Plan of Georgia, Inc",48,1,2,8,12
2021,GA,58081,Oscar Health Plan of Georgia,9,1,1,1,2
2021,GA,60224,CareSource,11,2,1,1,0
2021,GA,70893,Ambetter from Peach State Health Plan,30,2,1,2,14
2021,GA,83761,Alliant Health Plans,78,1,1,13,0
2021,GA,89942,Kaiser Permanente,18,1,2,2,4
2021,HI,18350,HMSA,12,2,5,1,1
2021,HI,60612,Kaiser Permanente,11,1,1,1,0
2021,IA,25896,"Wellmark Health Plan of Iowa, Inc.",6,1,1,1,2
2021,IA,45819,Oscar Insurance Company,12,1,1,1,11
2021,IA,93078,Medica,36,5,6,6,14
2021,IL,20129,Health Alliance,12,2,1,1,5
2021,IL,27833,Ambetter of Illinois,15,2,1,1,8
2021,IL,36096,Blue Cross and Blue Shield of Illinois,93,4,4,23,0
2021,IL,44522,Bright HealthCare,10,1,1,1,10
2021,IL,53882,Cigna Healthcare,15,1,2,2,10
2021,IL,54322,MercyCare Health Plans,9,1,1,1,9
2021,IL,65280,WellFirst Health,10,1,1,1,10
2021,IL,85773,Quartz,14,1,1,1,3
2021,IN,17575,Anthem Blue Cross and Blue Shield,4,2,1,1,4
2021,IN,54192,CareSource,11,2,1,1,0
2021,IN,76179,Ambetter from MHS,24,2,1,1,12
2021,KS,18558,"Blue Cross and Blue Shield of Kansas, Inc.",6,1,1,1,1
2021,KS,39520,Medica,24,3,4,3,4
2021,KS,43490,Oscar Insurance Company,12,1,1,1,5
2021,KS,76763,Cigna Healthcare,16,1,2,2,6
2021,KS,80065,Ambetter from Sunflower Health Plan,36,2,1,2,18
2021,KS,94248,Blue Cross and Blue Shield of Kansas City,6,1,4,1,6
2021,KY,36239,Anthem Blue Cross and Blue Shield,25,1,2,5,12
2021,KY,45636,CareSource,12,2,1,1,0
2021,LA,19636,HMO Louisiana,27,5,5,7,3
2021,LA,67243,Vantage Health Plan,5,1,1,1,0
2021,LA,97176,Blue Cross and Blue Shield of Louisiana,5,2,1,1,0
2021,LA,98780,CHRISTUS Health Plan,22,8,1,3,7
2021,ME,33653,Community Health Options,15,6,1,1,1
2021,ME,48396,Anthem Blue Cross and Blue Shield,30,2,2,3,0
2021,ME,96667,Harvard Pilgrim Health Care,11,1,2,3,11
2021,MI,15560,Blue Cross Blue Shield of Michigan Mutual Insurance Company,8,3,1,2,0
2021,MI,29698,Priority Health,38,1,7,6,37
2021,MI,40047,Molina Healthcare,11,3,1,1,3
2021,MI,58594,Ambetter from Meridian,16,2,1,1,15
2021,MI,60829,Physicians Health Plan,14,4,2,2,0
2021,MI,67183,"Total Health Care USA, Inc.",5,1,1,1,0
2021,MI,74917,McLaren Health Plan Community,5,1,1,1,0
2021,MI,77739,Oscar Insurance Company,13,1,1,1,6
2021,MI,98185,Blue Care Network of Michigan,17,3,3,4,1
2021,MO,32753,Anthem Blue Cross and Blue Shield,15,1,1,1,0
2021,MO,34762,Blue Cross and Blue Shield of Kansas City,12,1,5,2,12
2021,MO,47840,WellFirst Health,10,1,1,1,0
2021,MO,53461,Medica,26,3,4,3,20
2021,MO,69512,Oscar Insurance Company,12,1,1,1,5
2021,MO,74483,Cigna Healthcare,23,1,2,3,13
2021,MO,96384,Cox HealthPlans,7,1,1,1,2
2021,MO,99723,Ambetter from Home State Health,32,2,1,2,18
2021,MS,79975,Molina Healthcare,11,3,1,1,5
2021,MS,90714,Ambetter from Magnolia Health,22,2,1,2,6
2021,MT,23603,PacificSource Health Plans,10,1,2,2,0
2021,MT,30751,Blue Cross and Blue Shield of Montana,34,2,2,6,0
2021,MT,32225,Mountain Health CO-OP,10,2,2,1,0
2021,NC,11512,Blue Cross and Blue Shield of NC,88,6,6,13,21
2021,NC,19958,UnitedHealthcare,6,1,1,1,6
2021,NC,37900,Bright HealthCare,52,1,4,5,36
2021,NC,69803,"Oscar Health Plan of North Carolina, Inc",10,1,1,1,10
2021,NC,73943,Cigna Healthcare,16,1,2,2,11
2021,NC,77264,Ambetter of North Carolina,21,2,1,1,16
2021,ND,37160,Blue Cross Blue Shield of North Dakota,8,2,2,1,1
2021,ND,73751,Medica,14,2,2,3,2
2021,ND,89364,Sanford Health Plan,16,2,2,2,0
2021,NE,20305,Medica,23,3,3,6,4
2021,NE,83653,Bright HealthCare,22,1,2,2,6
2021,NH,59025,Harvard Pilgrim Health Care,12,1,2,2,12
2021,NH,75841,Ambetter from New Hampshire Healthy Families,13,2,1,1,10
2021,NH,96751,Anthem Blue Cross and Blue Shield,10,1,1,1,0
2021,NM,19722,Molina Healthcare,9,3,1,1,3
2021,NM,39006,Ambetter from Western Sky Community Care,8,1,1,1,8
2021,NM,42776,True Health New Mexico,8,1,1,1,1
2021,NM,75605,Blue Cross and Blue Shield of New Mexico,35,1,1,5,0
2021,NM,75787,Friday Health Plans,6,1,1,1,6
2021,OH,28162,AultCare Insurance Company,37,1,2,2,4
2021,OH,29276,Anthem Blue Cross and Blue Shield,17,1,1,1,0
2021,OH,29341,Oscar Health Insurance,14,1,1,1,6
2021,OH,41047,Ambetter from Buckeye Health,19,2,1,1,9
2021,OH,45845,Oscar Insurance Corporation of Ohio,12,1,1,1,4
2021,OH,52664,SummaCare,8,1,1,1,0
2021,OH,64353,Molina Healthcare,11,3,1,2,3
2021,OH,74313,Paramount,9,1,1,2,0
2021,OH,77552,CareSource,11,2,1,1,0
2021,OH,99969,MedMutual,99,1,5,11,51
2021,OK,21333,Medica,25,3,3,4,12
2021,OK,28292,UnitedHealthcare,7,1,1,1,7
2021,OK,40463,Bright HealthCare,11,1,1,1,2
2021,OK,87571,Blue Cross and Blue Shield of Oklahoma,41,2,2,11,1
2021,OK,91908,Oscar Insurance Company,11,1,1,1,11
2021,OK,98905,CommunityCare,2,1,1,1,2
2021,OR,10091,PacificSource Health Plans,18,3,2,2,2
2021,OR,39424,"Moda Health Plan, Inc.",18,3,2,2,6
2021,OR,56707,Providence Health Plan,11,9,3,3,11
2021,OR,63474,BridgeSpan Health Company,9,1,3,2,3
2021,OR,71287,Kaiser Permanente,10,1,1,1,1
2021,OR,77969,Regence BlueCross BlueShield of Oregon,24,2,3,2,11
2021,SC,16985,Bright HealthCare,10,1,1,1,2
2021,SC,26065,BlueCross BlueShield of South Carolina,26,4,3,3,6
2021,SC,42326,Molina Healthcare,11,3,1,1,3
2021,SC,79222,Ambetter from Absolute Total Care,21,2,1,1,13
2021,SD,31195,Sanford Health Plan,16,2,2,2,0
2021,SD,60536,Avera Health Plans,11,2,1,2,1
2021,TN,14002,BlueCross BlueShield of Tennessee,54,1,2,8,8
2021,TN,23552,Oscar Insurance Company,13,1,1,1,5
2021,TN,69443,UnitedHealthcare,7,1,1,1,7
2021,TN,70111,Ambetter of Tennessee,19,2,1,1,14
2021,TN,97906,Bright HealthCare,32,1,3,3,3
2021,TN,99248,Cigna Healthcare,48,1,3,6,18
2021,TX,20069,Oscar Insurance Company,13,1,1,1,5
2021,TX,26539,FirstCare Health Plans,9,1,1,1,2
2021,TX,27248,Community Health Choice,9,1,2,1,4
2021,TX,29418,Ambetter from Superior HealthPlan,68,3,1,2,43
2021,TX,33602,Blue Cross and Blue Shield of Texas,240,3,2,28,0
2021,TX,40788,Scott and White Health Plan,8,1,1,1,8
2021,TX,45786,Molina Healthcare,13,3,1,1,3
2021,TX,54837,Friday Health Plans,6,1,1,1,6
2021,TX,66252,CHRISTUS Health Plan,62,9,1,7,20
2021,TX,71837,"Sendero Health Plans, Local Nonprofit",4,1,1,1,0
2021,UT,18167,Molina Healthcare,11,3,1,1,3
2021,UT,22013,Regence BlueCross BlueShield of Utah,7,1,1,1,3
2021,UT,34541,BridgeSpan Health Company,3,1,1,1,3
2021,UT,42261,University of Utah Health Plans,14,2,2,2,2
2021,UT,68781,SelectHealth,26,3,2,2,6
2021,UT,81808,Cigna Healthcare,8,1,1,1,2
2021,VA,10207,CareFirst BlueChoice,3,1,2,1,0
2021,VA,20507,Optima Health Plan,15,1,3,3,0
2021,VA,24251,UnitedHealthcare,7,1,1,1,7
2021,VA,25922,Oscar Insurance Company,11,1,1,1,5
2021,VA,37204,"Piedmont Community HealthCare HMO, Inc.",5,1,1,1,0
2021,VA,40308,CareFirst BlueCross BlueShield,2,1,2,1,0
2021,VA,41921,Cigna Health and Life Insurance Company,18,1,1,2,8
2021,VA,88380,"HealthKeepers, Inc.",9,1,1,2,0
2021,VA,95185,Kaiser Permanente,11,1,1,1,4
2021,WI,14630,Together with CCHP,7,1,1,1,0
2021,WI,20173,HealthPartners,13,1,2,2,7
2021,WI,37833,Quartz,46,3,2,2,12
2021,WI,38166,Security Health Plan,16,2,2,2,9
2021,WI,38345,Dean Health Plan,54,3,3,6,2
2021,WI,52697,Molina Healthcare,11,3,1,1,3
2021,WI,57845,Medica,14,2,2,3,2
2021,WI,58326,MercyCare Health Plans,9,1,1,1,0
2021,WI,79475,Anthem Blue Cross and Blue Shield,8,1,1,1,8
2021,WI,81413,Network Health,16,2,2,2,0
2021,WI,84670,WPS Health Plan,16,2,1,1,2
2021,WI,86584,Aspirus Health Plan,17,2,1,1,0
2021,WI,87416,Common Ground Healthcare Cooperative,9,1,1,1,2
2021,WI,94529,Group Health Cooperative-SCW,27,2,2,2,0
2021,WV,31274,Highmark Blue Cross Blue Shield West Virginia,10,4,1,1,3
2021,WV,50328,CareSource,11,2,1,1,0
2021,WY,11269,Blue Cross Blue Shield of Wyoming,12,1,1,1,2
2021,WY,38576,Mountain Health CO-OP,4,1,1,1,4
2022,AK,38344,Premera Blue Cross Blue Shield of Alaska,7,3,1,1,2
2022,AK,77963,Moda Health,4,1,1,1,0
2022,AL,46944,Blue Cross and Blue Shield of Alabama,8,8,2,2,1
2022,AL,69461,UnitedHealthcare,7,1,1,1,7
2022,AL,73301,Bright HealthCare,15,1,1,1,8
2022,AR,13262,Health Advantage,2,1,1,1,1
2022,AR,15724,Oscar Insurance Company,28,1,1,1,28
2022,AR,37903,Ambetter from Arkansas Health & Wellness,3,1,1,1,0
2022,AR,62141,Ambetter from Arkansas Health & Wellness,21,2,1,1,7
2022,AR,70525,Ambetter from Arkansas Health & Wellness,4,1,1,1,0
2022,AR,75293,Arkansas Blue Cross and Blue Shield,9,1,1,1,2
2022,AZ,13877,"Oscar Health Plan, Inc.",29,1,1,1,20
2022,AZ,23435,BannerAetna,10,1,2,2,10
2022,AZ,32311,Medica,8,1,1,1,8
2022,AZ,40702,UnitedHealthcare,14,1,1,1,7
2022,AZ,53901,Blue Cross Blue Shield of Arizona,98,2,4,13,14
2022,AZ,87247,Bright HealthCare from Bright Health Company of Arizona,30,1,1,2,8
2022,AZ,91450,Ambetter from Arizona Complete Health ,29,2,1,1,11
2022,AZ,97667,"Cigna HealthCare of Arizona, Inc",12,1,1,1,4
2022,DE,76168,Highmark Blue Cross Blue Shield Delaware,13,6,1,1,13
2022,FL,12379,Bright HealthCare,175,1,9,9,97
2022,FL,16842,Florida Blue (BlueCross BlueShield FL),26,2,2,2,0
2022,FL,19898,AvMed,14,2,1,1,2
2022,FL,21663,Ambetter from Sunshine Health,58,2,1,2,33
2022,FL,30252,Florida Blue HMO (a BlueCross BlueShield FL company),48,3,2,5,9
2022,FL,36194,"Health First Commercial Plans, Inc. ",36,6,4,2,0
2022,FL,40572,Oscar Insurance Company of Florida,64,2,1,2,36
2022,FL,48121,Cigna Healthcare,17,1,1,1,7
2022,FL,54172,Molina Healthcare,10,4,2,3,2
2022,FL,56503,Florida Health Care Plans,37,37,1,1,2
2022,FL,66966,Capital Health Plan,3,1,1,1,3
2022,FL,68398,UnitedHealthcare,20,1,2,1,20
2022,FL,86382,Ambetter from Sunshine Health,14,2,2,2,14
2022,FL,92120,Aetna CVS Health,10,1,2,2,10
2022,GA,15105,"Cigna HealthCare of Georgia, Inc",13,1,1,1,13
2022,GA,38146,Bright HealthCare,30,1,1,2,30
2022,GA,43802,UnitedHealthcare,16,1,2,1,16
2022,GA,49046,"Blue Cross Blue Shield Healthcare Plan of Georgia, Inc",48,1,2,8,0
2022,GA,58081,Oscar Health Plan of Georgia,32,1,1,1,24
2022,GA,60224,CareSource,13,2,1,2,2
2022,GA,70893,Ambetter from Peach State Health Plan,41,4,3,3,26
2022,GA,82824,Aetna CVS Health,15,1,3,3,15
2022,GA,83761,Alliant Health Plans,33,2,1,2,30
2022,GA,89942,Kaiser Permanente,20,1,2,2,2
2022,GA,90617,Friday Health Plans,9,1,1,1,9
2022,HI,18350,HMSA,7,1,3,1,1
2022,HI,60612,Kaiser Permanente,11,1,1,1,0
2022,IA,25896,"Wellmark Health Plan of Iowa, Inc.",6,1,1,1,0
2022,IA,45819,Oscar Insurance Company,27,1,1,1,17
2022,IA,93078,Medica,40,5,6,6,9
2022,IL,11574,"Oscar Health Plan, Inc.",36,2,2,2,36
2022,IL,20129,Health Alliance,12,2,1,1,0
2022,IL,27833,Ambetter of Illinois,29,2,1,1,17
2022,IL,32355,Molina Healthcare,7,2,1,1,7
2022,IL,36096,Blue Cross and Blue Shield of Illinois ,108,4,4,23,15
2022,IL,42529,UnitedHealthcare,10,1,2,1,10
2022,IL,44522,Bright HealthCare,15,1,1,1,0
2022,IL,53882,Cigna Healthcare,25,1,2,2,10
2022,IL,54322,MercyCare Health Plans,9,1,1,1,0
2022,IL,65280,WellFirst Health,10,1,1,1,10
2022,IL,85773,Quartz,13,1,1,1,8
2022,IN,17575,Anthem Blue Cross and Blue Shield,10,2,1,2,6
2022,IN,35755,US Health and Life,8,1,1,1,8
2022,IN,54192,CareSource,13,2,1,1,2
2022,IN,76179,Ambetter from MHS,25,2,1,1,11
2022,KS,18558,"Blue Cross and Blue Shield of Kansas, Inc.",6,1,1,1,0
2022,KS,32542,US Health and Life,8,1,1,1,8
2022,KS,34368,Ambetter from Sunflower Health Plan,25,2,1,1,25
2022,KS,39520,Medica,26,3,4,3,3
2022,KS,43490,Oscar Insurance Company,29,1,1,1,20
2022,KS,76763,Cigna Healthcare,20,1,2,2,6
2022,KS,94248,Blue Cross and Blue Shield of Kansas City,9,1,4,1,5
2022,LA,19636,HMO Louisiana,31,5,5,8,4
2022,LA,61604,Ambetter from Louisiana Healthcare Connections,19,2,1,1,19
2022,LA,67243,Vantage Health Plan,5,1,1,1,0
2022,LA,69842,UnitedHealthcare,9,1,1,1,9
2022,LA,97176,Blue Cross and Blue Shield of Louisiana,5,2,1,1,0
2022,LA,98780,CHRISTUS Health Plan,30,10,1,3,8
2022,MI,15560,Blue Cross Blue Shield of Michigan Mutual Insurance Company ,8,3,1,2,0
2022,MI,29698,Priority Health,40,1,7,6,39
2022,MI,40047,Molina Healthcare,7,3,1,1,1
2022,MI,58594,Ambetter from Meridian,26,3,2,1,17
2022,MI,58996,US Health and Life,8,1,1,1,8
2022,MI,60829,Physicians Health Plan,17,4,2,2,3
2022,MI,71667,UnitedHealthcare,14,1,1,1,14
2022,MI,74917,McLaren Health Plan Community,7,1,1,2,2
2022,MI,77739,Oscar Insurance Company,28,1,1,1,18
2022,MI,98185,Blue Care Network of Michigan,18,3,3,5,1
2022,MO,32753,Anthem Blue Cross and Blue Shield,13,1,1,1,0
2022,MO,34762,Blue Cross and Blue Shield of Kansas City,11,1,3,2,4
2022,MO,47840,WellFirst Health,10,1,1,1,0
2022,MO,48161,Aetna CVS Health,15,1,3,3,15
2022,MO,53461,Medica,29,3,4,4,5
2022,MO,69512,Oscar Insurance Company,29,1,1,1,20
2022,MO,74483,Cigna Healthcare,33,1,2,3,10
2022,MO,96384,Cox HealthPlans,7,1,1,1,0
2022,MO,99723,Ambetter from Home State Health,46,2,1,2,18
2022,MS,14624,Vantage Health Plan of Mississippi,5,1,1,1,5
2022,MS,56766,Cigna Healthcare,10,1,1,1,10
2022,MS,79975,Molina Healthcare,9,3,1,1,1
2022,MS,90714,Ambetter from Magnolia Health,27,3,2,1,16
2022,MT,23603,PacificSource Health Plans,6,1,1,1,1
2022,MT,30751,Blue Cross and Blue Shield of Montana,37,2,2,7,3
2022,MT,32225,Mountain Health CO-OP,13,2,1,1,3
2022,NC,11512,Blue Cross and Blue Shield of NC,143,6,6,13,81
2022,NC,17414,AmeriHealth Caritas Next,6,1,1,1,6
2022,NC,37900,Bright HealthCare,90,1,1,6,30
2022,NC,44007,WellCare of North Carolina,3,1,1,1,3
2022,NC,54332,UnitedHealthcare,11,1,1,1,11
2022,NC,61671,Aetna CVS Health,5,1,1,1,5
2022,NC,69803,"Oscar Health Plan of North Carolina, Inc",34,1,1,1,25
2022,NC,73943,Cigna Healthcare,19,1,2,2,3
2022,NC,77264,Ambetter of North Carolina,25,2,1,1,13
2022,NC,77320,Friday Health Plans,9,1,1,1,9
2022,ND,37160,Blue Cross Blue Shield of North Dakota,8,2,2,1,0
2022,ND,73751,Medica,14,2,2,3,0
2022,ND,89364,Sanford Health Plan,16,2,2,2,0
2022,NE,20305,Medica,30,3,3,5,9
2022,NE,26289,Ambetter from Nebraska Total Care,22,2,1,2,22
2022,NE,57424,Oscar Insurance Company,28,1,1,1,28
2022,NE,83653,Bright HealthCare,30,1,1,2,16
2022,NH,59025,Harvard Pilgrim Health Care,11,1,1,1,11
2022,NH,75841,Ambetter from NH Healthy Families,19,2,1,1,7
2022,NH,96751,Anthem Blue Cross and Blue Shield,14,1,1,1,4
2022,OH,28162,AultCare Insurance Company,39,1,3,3,6
2022,OH,29276,Anthem Blue Cross and Blue Shield,17,1,1,1,0
2022,OH,29341,Oscar Health Insurance,51,2,2,1,37
2022,OH,41047,Ambetter from Buckeye Health Plan,27,2,1,1,13
2022,OH,45845,Oscar Insurance Corporation of Ohio,31,1,1,1,19
2022,OH,52664,SummaCare,17,1,1,1,9
2022,OH,64353,Molina Healthcare,7,3,1,1,1
2022,OH,74313,Paramount,11,1,1,2,2
2022,OH,77552,CareSource,13,2,1,2,2
2022,OH,99969,MedMutual,100,1,5,10,60
2022,OK,21333,Medica,27,3,4,6,4
2022,OK,40463,Bright HealthCare,15,1,1,1,5
2022,OK,45480,UnitedHealthcare,10,1,1,1,10
2022,OK,62505,Ambetter of Oklahoma,21,2,1,1,21
2022,OK,87571,Blue Cross and Blue Shield of Oklahoma,56,2,2,10,15
2022,OK,91538,Friday Health Plans,9,1,1,1,9
2022,OK,91908,Oscar Insurance Company,27,1,1,1,18
2022,OK,98905,CommunityCare,7,1,1,1,4
2022,OR,10091,PacificSource Health Plans,9,2,1,1,0
2022,OR,39424,"Moda Health Plan, Inc.",22,3,2,2,5
2022,OR,56707,Providence Health Plan,11,9,3,3,0
2022,OR,63474,BridgeSpan Health Company,3,1,1,1,0
2022,OR,71287,Kaiser Permanente,10,1,1,1,0
2022,OR,77969,Regence BlueCross BlueShield of Oregon,27,4,3,3,7
2022,SC,16985,Bright HealthCare,45,1,1,3,35
2022,SC,26065,BlueCross BlueShield of South Carolina,25,4,3,3,4
2022,SC,42326,Molina Healthcare,7,3,1,1,1
2022,SC,79222,Ambetter from Absolute Total Care,28,3,1,1,15
2022,SD,31195,Sanford Health Plan,16,2,2,2,0
2022,SD,60536,Avera Health Plans,17,2,1,2,6
2022,TN,14002,BlueCross BlueShield of Tennessee,83,1,2,8,29
2022,TN,23552,Oscar Insurance Company,16,1,1,1,4
2022,TN,69443,UnitedHealthcare,10,1,1,1,3
2022,TN,70111,Ambetter of Tennessee,25,2,1,1,14
2022,TN,97906,Bright HealthCare,93,1,1,6,64
2022,TN,99248,Cigna Healthcare,12,1,1,1,4
2022,TX,17933,"Moda Health, Inc.",7,1,1,1,7
2022,TX,20069,Oscar Insurance Company,68,2,2,2,55
2022,TX,26539,FirstCare Health Plans,10,1,1,1,1
2022,TX,27248,Community Health Choice,9,1,4,2,3
2022,TX,29418,Ambetter from Superior HealthPlan,86,3,1,2,42
2022,TX,33602,Blue Cross and Blue Shield of Texas,298,3,2,30,52
2022,TX,40220,UnitedHealthcare,13,1,2,1,13
2022,TX,40788,Scott and White Health Plan,9,1,1,1,1
2022,TX,45786,Molina Healthcare,9,3,1,1,2
2022,TX,54837,Friday Health Plans,9,1,1,1,3
2022,TX,58840,Aetna CVS Health,20,1,4,4,20
2022,TX,63251,Community First,2,2,1,1,2
2022,TX,66252,CHRISTUS Health Plan,88,11,1,8,26
2022,TX,71837,"Sendero Health Plans, Local Nonprofit",5,1,1,1,1
2022,TX,87226,Ambetter from Superior HealthPlan,23,5,2,5,23
2022,TX,98312,Bright HealthCare,75,1,5,5,75
2022,UT,18167,Molina Healthcare,7,3,1,1,1
2022,UT,22013,Regence BlueCross BlueShield of Utah,12,3,2,2,7
2022,UT,34541,BridgeSpan Health Company,4,1,1,1,2
2022,UT,39889,Bright HealthCare,15,2,1,1,15
2022,UT,42261,University of Utah Health Plans,17,2,2,2,3
2022,UT,68781,SelectHealth,34,3,3,3,15
2022,UT,81808,Cigna Healthcare,11,2,1,1,4
2022,VA,10207,CareFirst BlueChoice,3,1,2,1,0
2022,VA,20507,Optima Health Plan,7,1,2,1,0
2022,VA,24251,UnitedHealthcare,12,1,2,1,5
2022,VA,25922,Oscar Insurance Company,30,1,1,1,21
2022,VA,25928,Bright HealthCare,26,1,1,2,26
2022,VA,37204,"Piedmont Community HealthCare HMO, Inc.",10,1,2,2,5
2022,VA,38234,Aetna Life Insurance Company,10,1,2,2,10
2022,VA,40308,CareFirst BlueCross BlueShield,2,1,2,1,0
2022,VA,41921,Cigna Health and Life Insurance Company,28,1,1,2,10
2022,VA,86443,"Innovation Health Plan, Inc.",5,1,1,1,5
2022,VA,88380,"HealthKeepers, Inc.",10,1,1,2,1
2022,VA,95185,Kaiser Permanente,13,1,1,1,2
2022,WI,14630,Together with CCHP,8,1,1,1,1
2022,WI,20173,HealthPartners,17,1,2,2,5
2022,WI,37833,Quartz,88,3,3,5,76
2022,WI,38166,Security Health Plan,30,3,3,3,14
2022,WI,38345,Dean Health Plan,54,3,3,6,2
2022,WI,52697,Molina Healthcare,7,3,1,1,1
2022,WI,57845,Medica,16,2,2,3,2
2022,WI,58326,MercyCare Health Plans,9,1,1,1,0
2022,WI,79475,Anthem Blue Cross and Blue Shield,8,1,1,1,0
2022,WI,81413,Network Health,18,2,2,2,2
2022,WI,84670,WPS Health Plan,16,2,1,1,0
2022,WI,86584,Aspirus Health Plan,12,2,1,1,0
2022,WI,87416,Common Ground Healthcare Cooperative,55,3,1,2,46
2022,WI,94529,Group Health Cooperative-SCW,34,2,2,2,7
2022,WV,31274,Highmark Blue Cross Blue Shield West Virginia,11,6,1,1,3
2022,WV,50328,CareSource,11,2,1,1,0
2022,WY,11269,Blue Cross Blue Shield of Wyoming,14,2,1,1,2
2022,WY,38576,Mountain Health CO-OP,7,1,1,1,3
2023,AK,38344,Premera Blue Cross Blue Shield of Alaska,9,4,1,1,3
2023,AK,77963,Moda Health,7,4,1,1,3
2023,AL,46944,Blue Cross and Blue Shield of Alabama,12,12,2,2,4
2023,AL,53932,Ambetter of Alabama,18,2,1,1,18
2023,AL,69461,UnitedHealthcare,14,1,1,1,1
2023,AR,13262,Health Advantage,4,1,1,1,2
2023,AR,37903,Ambetter from Arkansas Health & Wellness,5,1,1,1,4
2023,AR,62141,Ambetter from Arkansas Health & Wellness,23,2,1,1,4
2023,AR,70525,Ambetter from Arkansas Health & Wellness,7,1,1,1,5
2023,AR,75293,Arkansas Blue Cross and Blue Shield,12,1,1,1,3
2023,AZ,13877,"Oscar Health Plan, Inc.",21,1,1,1,4
2023,AZ,23435,BannerAetna,9,1,1,1,5
2023,AZ,32311,Medica,10,1,1,1,5
2023,AZ,40702,UnitedHealthcare,20,1,1,1,7
2023,AZ,53901,Blue Cross Blue Shield of Arizona,137,2,4,13,53
2023,AZ,85533,"Imperial Insurance Companies, Inc.",5,2,1,1,5
2023,AZ,91450,Ambetter from Arizona Complete Health ,39,3,2,2,17
2023,AZ,97667,"Cigna HealthCare of Arizona, Inc",18,1,1,1,6
2023,DE,67190,Aetna CVS Health,9,1,1,1,9
2023,DE,72760,AmeriHealth Caritas Next,4,1,1,1,4
2023,DE,76168,Highmark Blue Cross Blue Shield Delaware,17,8,1,1,6
2023,FL,16842,Florida Blue (BlueCross BlueShield FL),34,2,2,2,12
2023,FL,18628,Aetna CVS Health,35,1,5,5,35
2023,FL,19898,AvMed,88,2,2,5,74
2023,FL,21663,Ambetter from Sunshine Health,50,2,1,2,16
2023,FL,30252,Florida Blue HMO (a BlueCross BlueShield FL company),75,3,2,6,31
2023,FL,36194,"Health First Commercial Plans, Inc. ",26,4,2,3,5
2023,FL,40572,Oscar Insurance Company of Florida,52,2,1,2,8
2023,FL,48121,Cigna Healthcare,24,1,1,1,7
2023,FL,54172,Molina Healthcare,9,3,2,2,4
2023,FL,56503,Florida Health Care Plans,45,45,1,1,9
2023,FL,66966,Capital Health Plan,6,1,1,1,4
2023,FL,67926,AmeriHealth Caritas Next,4,1,1,1,4
2023,FL,68398,UnitedHealthcare,20,1,2,1,4
2023,FL,86382,Ambetter from Sunshine Health,22,3,3,3,12
2023,FL,92120,Aetna CVS Health,14,1,2,2,8
2023,GA,15105,"Cigna HealthCare of Georgia, Inc",19,1,1,1,6
2023,GA,43802,UnitedHealthcare,19,1,2,1,6
2023,GA,49046,"Blue Cross Blue Shield Healthcare Plan of Georgia, Inc",64,1,4,8,16
2023,GA,58081,Oscar Health Plan of Georgia,26,1,1,1,4
2023,GA,60224,CareSource,17,2,1,1,6
2023,GA,70893,Ambetter from Peach State Health Plan,57,6,5,4,28
2023,GA,82824,Aetna CVS Health,21,1,3,3,12
2023,GA,83761,Alliant Health Plans,37,2,1,2,7
2023,GA,89942,Kaiser Permanente,26,2,2,2,6
2023,GA,90617,Friday Health Plans,22,1,1,1,13
2023,HI,18350,HMSA,7,1,3,1,0
2023,HI,60612,Kaiser Permanente,15,1,1,1,4
2023,IA,25896,"Wellmark Health Plan of Iowa, Inc.",12,1,2,2,8
2023,IA,45819,Oscar Insurance Company,16,1,1,1,4
2023,IA,93078,Medica,44,5,6,6,22
2023,IL,11574,"Oscar Health Plan, Inc.",29,2,2,2,8
2023,IL,20129,Health Alliance,14,2,1,1,4
2023,IL,27833,Ambetter of Illinois,36,2,1,1,13
2023,IL,32355,Molina Healthcare,6,2,1,1,2
2023,IL,36096,Blue Cross and Blue Shield of Illinois ,209,4,4,23,101
2023,IL,42529,UnitedHealthcare,17,1,2,1,7
2023,IL,53882,Cigna Healthcare,33,1,2,2,10
2023,IL,54322,MercyCare Health Plans,8,1,1,1,4
2023,IL,65280,WellFirst Health,13,1,1,1,4
2023,IL,85773,Quartz,18,1,1,1,14
2023,IL,99129,Aetna CVS Health,9,1,1,1,9
2023,IN,17575,Anthem Blue Cross and Blue Shield,21,2,2,1,11
2023,IN,35755,US Health and Life,9,1,1,1,3
2023,IN,54192,CareSource,13,2,1,1,2
2023,IN,76179,Ambetter from MHS,29,3,2,1,13
2023,IN,94419,Cigna Healthcare,16,1,1,1,16
2023,KS,18558,"Blue Cross and Blue Shield of Kansas, Inc.",10,2,1,1,4
2023,KS,32542,US Health and Life,9,1,1,1,3
2023,KS,34368,Ambetter from Sunflower Health Plan,28,3,2,1,11
2023,KS,39520,Medica,15,2,2,2,8
2023,KS,43490,Oscar Insurance Company,15,1,1,1,4
2023,KS,76763,Cigna Healthcare,25,1,2,2,8
2023,KS,94248,Blue Cross and Blue Shield of Kansas City,12,1,4,1,3
2023,KS,94968,UnitedHealthcare,14,1,1,1,14
2023,LA,19636,HMO Louisiana,36,5,5,8,5
2023,LA,61604,Ambetter from Louisiana Healthcare Connections,24,2,1,1,9
2023,LA,67243,Vantage Health Plan,8,1,1,1,3
2023,LA,69842,UnitedHealthcare,12,1,1,1,4
2023,LA,97176,Blue Cross and Blue Shield of Louisiana,8,2,1,1,3
2023,LA,98780,CHRISTUS Health Plan,39,13,1,3,9
2023,MI,15560,Blue Cross Blue Shield of Michigan Mutual Insurance Company ,9,3,1,2,1
2023,MI,29698,Priority Health,59,1,7,7,54
2023,MI,40047,Molina Healthcare,6,2,1,1,2
2023,MI,58594,Ambetter from Meridian,27,3,2,1,19
2023,MI,58996,US Health and Life,9,1,1,1,3
2023,MI,60829,Physicians Health Plan,39,2,1,3,29
2023,MI,71667,UnitedHealthcare,17,1,2,1,6
2023,MI,74917,McLaren Health Plan Community,13,1,1,2,6
2023,MI,77739,Oscar Insurance Company,18,1,1,1,4
2023,MI,98185,Blue Care Network of Michigan,34,4,5,5,16
2023,MO,32753,Anthem Blue Cross and Blue Shield,15,1,2,1,4
2023,MO,34762,Blue Cross and Blue Shield of Kansas City,16,1,4,3,5
2023,MO,47840,WellFirst Health,17,1,1,1,8
2023,MO,48161,Aetna CVS Health,27,1,3,3,12
2023,MO,53461,Medica,29,3,3,4,16
2023,MO,69512,Oscar Insurance Company,15,1,1,1,4
2023,MO,74483,Cigna Healthcare,29,1,2,3,11
2023,MO,95426,UnitedHealthcare,14,1,1,1,14
2023,MO,96384,Cox HealthPlans,9,1,1,1,5
2023,MO,99723,Ambetter from Home State Health,34,3,2,2,15
2023,MS,14624,Vantage Health Plan of Mississippi,8,1,1,1,3
2023,MS,56766,Cigna Healthcare,15,1,1,1,5
2023,MS,79975,Molina Healthcare,8,2,1,1,3
2023,MS,90714,Ambetter from Magnolia Health,25,3,2,1,6
2023,MS,97560,UnitedHealthcare,16,1,1,1,16
2023,MT,23603,PacificSource Health Plans,9,1,1,1,3
2023,MT,30751,Blue Cross and Blue Shield of Montana,65,2,2,7,28
2023,MT,32225,Mountain Health CO-OP,23,3,3,2,12
2023,NC,11512,Blue Cross and Blue Shield of NC,182,6,6,13,138
2023,NC,13591,CareSource,15,2,1,1,15
2023,NC,17414,AmeriHealth Caritas Next,4,1,1,1,3
2023,NC,44007,WellCare of North Carolina,6,1,1,1,3
2023,NC,54332,UnitedHealthcare,18,1,1,1,7
2023,NC,61671,Aetna CVS Health,9,1,1,1,4
2023,NC,69803,"Oscar Health Plan of North Carolina, Inc",21,1,1,1,4
2023,NC,73943,Cigna Healthcare,16,1,1,1,6
2023,NC,77264,Ambetter of North Carolina,45,3,2,2,28
2023,NC,77320,Friday Health Plans,22,1,1,1,9
2023,ND,37160,Blue Cross Blue Shield of North Dakota,13,3,3,2,5
2023,ND,73751,Medica,25,3,3,4,19
2023,ND,89364,Sanford Health Plan,24,2,2,2,10
2023,NE,20305,Medica,39,3,3,5,17
2023,NE,26289,Ambetter from Nebraska Total Care,31,3,2,1,20
2023,NE,29678,Blue Cross and Blue Shield of Nebraska,78,6,3,4,78
2023,NE,57424,Oscar Insurance Company,16,1,1,1,4
2023,NH,59025,Harvard Pilgrim Health Care,14,1,2,1,12
2023,NH,75841,Ambetter from NH Healthy Families,22,3,2,1,9
2023,NH,96751,Anthem Blue Cross and Blue Shield,19,1,2,1,6
2023,OH,28162,AultCare Insurance Company,42,1,3,3,3
2023,OH,29276,Anthem Blue Cross and Blue Shield,17,1,1,1,4
2023,OH,29341,Oscar Health Insurance,41,2,2,1,4
2023,OH,33931,UnitedHealthcare,16,1,2,1,16
2023,OH,41047,Ambetter from Buckeye Health Plan,30,3,2,1,10
2023,OH,45845,Oscar Insurance Corporation of Ohio,27,1,1,1,4
2023,OH,52664,SummaCare,20,1,1,1,3
2023,OH,64353,Molina Healthcare,6,2,1,1,2
2023,OH,74313,Paramount,17,1,1,2,6
2023,OH,77552,CareSource,12,2,1,1,2
2023,OH,99969,MedMutual,107,1,4,8,37
2023,OK,21333,Medica,26,3,4,4,13
2023,OK,45480,UnitedHealthcare,15,1,1,1,6
2023,OK,62505,Ambetter of Oklahoma,21,2,1,1,8
2023,OK,87571,Blue Cross and Blue Shield of Oklahoma,84,3,3,12,28
2023,OK,91538,Friday Health Plans,22,1,1,1,13
2023,OK,91908,Oscar Insurance Company,15,1,1,1,4
2023,OK,98905,CommunityCare,12,1,1,1,5
2023,OR,10091,PacificSource Health Plans,10,2,2,1,1
2023,OR,39424,"Moda Health Plan, Inc.",24,3,2,2,2
2023,OR,56707,Providence Health Plan,11,9,3,3,0
2023,OR,63474,BridgeSpan Health Company,3,1,1,1,0
2023,OR,71287,Kaiser Permanente,11,1,1,1,1
2023,OR,77969,Regence BlueCross BlueShield of Oregon,18,3,2,2,0
2023,SC,26065,BlueCross BlueShield of South Carolina,38,8,5,6,17
2023,SC,42326,Molina Healthcare,6,2,1,1,2
2023,SC,73033,Cigna Healthcare of South Carolina,19,1,1,1,19
2023,SC,73107,First Choice Next,4,1,1,1,4
2023,SC,79222,Ambetter from Absolute Total Care,26,3,2,1,8
2023,SD,31195,Sanford Health Plan,24,2,2,2,10
2023,SD,50305,"Wellmark of South Dakota, Inc.",7,1,1,1,7
2023,SD,60536,Avera Health Plans,33,2,2,3,25
2023,TN,14002,BlueCross BlueShield of Tennessee,188,1,3,8,115
2023,TN,23552,Oscar Insurance Company,21,1,1,1,4
2023,TN,31663,US Health and Life,9,1,1,1,9
2023,TN,69443,UnitedHealthcare,16,1,1,1,5
2023,TN,70111,Ambetter of Tennessee,35,3,2,2,19
2023,TN,99248,Cigna Healthcare,19,1,1,1,7
2023,TX,17933,"Moda Health, Inc.",10,1,1,1,3
2023,TX,20069,Oscar Insurance Company,32,2,2,2,8
2023,TX,26539,FirstCare Health Plans,9,1,1,1,0
2023,TX,27248,Community Health Choice,13,1,4,2,7
2023,TX,29418,Ambetter from Superior HealthPlan,14,2,1,1,5
2023,TX,33602,Blue Cross and Blue Shield of Texas,591,3,2,35,270
2023,TX,34826,"Imperial Insurance Companies, Inc.",6,2,1,1,6
2023,TX,40220,UnitedHealthcare,18,1,2,1,5
2023,TX,40788,Baylor Scott and White Health Plan,9,1,1,1,0
2023,TX,45786,Molina Healthcare,7,3,1,1,2
2023,TX,57125,US Health and Life,9,1,1,1,9
2023,TX,58840,Aetna CVS Health,48,1,6,6,36
2023,TX,63251,Community First,4,2,1,1,2
2023,TX,66252,CHRISTUS Health Plan,140,14,1,10,74
2023,TX,71837,"Sendero Health Plans, Local Nonprofit",9,1,1,1,4
2023,TX,76589,Cigna Healthcare,18,1,1,1,18
2023,TX,87226,Ambetter from Superior HealthPlan,28,5,2,5,10
2023,UT,18167,Molina Healthcare,6,2,1,1,2
2023,UT,22013,Regence BlueCross BlueShield of Utah,13,3,2,2,5
2023,UT,34541,BridgeSpan Health Company,4,2,1,1,3
2023,UT,42261,University of Utah Health Plans,16,2,2,2,11
2023,UT,68781,SelectHealth,44,2,3,3,19
2023,UT,81808,Cigna Healthcare,16,1,1,1,6
2023,VA,10207,CareFirst BlueChoice,5,1,2,1,2
2023,VA,20507,Optima Health Plan,9,1,2,1,4
2023,VA,24251,UnitedHealthcare,14,1,2,1,5
2023,VA,25922,Oscar Insurance Company,21,1,1,1,4
2023,VA,37204,"Piedmont Community HealthCare HMO, Inc.",5,1,1,1,0
2023,VA,38234,Aetna Life Insurance Company,8,1,2,2,4
2023,VA,40308,CareFirst BlueCross BlueShield,4,1,2,1,2
2023,VA,41921,Cigna Health and Life Insurance Company,21,1,1,1,8
2023,VA,86443,"Innovation Health Plan, Inc.",9,1,1,1,5
2023,VA,88380,"HealthKeepers, Inc.",14,1,1,1,5
2023,VA,93187,Aetna Health Inc.,18,1,2,2,18
2023,VA,95185,Kaiser Permanente,17,1,1,1,4
2023,WI,14630,Chorus Community Health Plans,12,1,1,1,4
2023,WI,20173,HealthPartners,26,1,3,3,14
2023,WI,37833,Quartz,144,4,2,3,133
2023,WI,38166,Security Health Plan,32,4,4,4,17
2023,WI,38345,Dean Health Plan,104,3,3,6,54
2023,WI,52697,Molina Healthcare,6,2,1,1,2
2023,WI,57845,Medica,27,3,3,4,15
2023,WI,58326,MercyCare Health Plans,8,1,1,1,4
2023,WI,79475,Anthem Blue Cross and Blue Shield,65,1,2,5,57
2023,WI,81413,Network Health,20,4,2,2,4
2023,WI,86584,Aspirus Health Plan,14,2,1,1,2
2023,WI,87416,Common Ground Healthcare Cooperative,37,3,1,2,3
2023,WI,94529,Group Health Cooperative-SCW,42,2,2,3,10
2023,WV,31274,Highmark Blue Cross Blue Shield West Virginia,13,8,1,1,13
2023,WV,50328,CareSource,13,2,1,1,2
2023,WY,11269,Blue Cross Blue Shield of Wyoming,18,2,1,1,4
2023,WY,38576,Mountain Health CO-OP,7,1,1,1,3
2024,AK,38344,Premera Blue Cross Blue Shield of Alaska,9,4,1,1,1
2024,AK,73836," Moda Health Plan, Inc.",7,5,1,1,0
2024,AL,46944,Blue Cross and Blue Shield of Alabama,12,12,2,2,0
2024,AL,53932,Ambetter of Alabama,18,2,1,1,3
2024,AL,69461,UnitedHealthcare,14,2,1,1,6
2024,AR,13262,Health Advantage,5,1,1,1,2
2024,AR,37903,Ambetter from Arkansas Health & Wellness,5,1,1,1,0
2024,AR,48772,Octave,5,1,1,1,5
2024,AR,62141,Ambetter from Arkansas Health & Wellness,22,2,1,1,3
2024,AR,70525,Ambetter from Arkansas Health & Wellness,7,1,1,1,0
2024,AR,75293,Arkansas Blue Cross and Blue Shield,8,1,1,1,1
2024,AZ,13877,"Oscar Health Plan, Inc.",13,1,1,1,0
2024,AZ,23435,BannerAetna,11,1,1,1,5
2024,AZ,32311,Medica,9,1,1,1,1
2024,AZ,40702,UnitedHealthcare,15,2,1,1,4
2024,AZ,53901,Blue Cross Blue Shield of Arizona,131,2,5,13,6
2024,AZ,85533,"Imperial Insurance Companies, Inc.",5,2,1,1,0
2024,AZ,91450,Ambetter from Arizona Complete Health ,29,3,2,2,3
2024,AZ,97667,"Cigna HealthCare of Arizona, Inc",12,1,1,1,0
2024,DE,64004,Ambetter Health of Delaware,24,2,1,1,24
2024,DE,67190,Aetna CVS Health,6,1,1,1,3
2024,DE,72760,AmeriHealth Caritas Next,6,1,1,1,2
2024,DE,76168,Highmark Blue Cross Blue Shield Delaware,18,8,1,1,2
2024,FL,16842,Florida Blue (BlueCross BlueShield FL),28,2,2,2,15
2024,FL,18628,Aetna CVS Health,9,1,1,1,4
2024,FL,19898,AvMed,83,2,1,5,0
2024,FL,21663,Ambetter from Sunshine Health,48,2,1,2,6
2024,FL,30252,Florida Blue HMO (a BlueCross BlueShield FL company),60,3,2,7,34
2024,FL,36194,"Health First Commercial Plans, Inc. ",19,4,2,3,0
2024,FL,40572,Oscar Insurance Company of Florida,27,2,1,2,0
2024,FL,48121,Cigna Healthcare,13,1,1,1,0
2024,FL,54172,Molina Healthcare,10,3,2,2,1
2024,FL,56503,Florida Health Care Plans,35,35,1,1,4
2024,FL,66966,Capital Health Plan,6,1,1,1,4
2024,FL,67926,AmeriHealth Caritas Next,6,1,1,1,2
2024,FL,68398,UnitedHealthcare,16,2,2,1,7
2024,FL,86382,Ambetter from Sunshine Health,20,3,3,3,0
2024,GA,15105,"Cigna HealthCare of Georgia, Inc",12,1,1,1,0
2024,GA,43802,UnitedHealthcare,16,2,2,1,8
2024,GA,45334,Anthem Blue Cross and Blue Shield,6,1,2,1,6
2024,GA,49046,Anthem Blue Cross and Blue Shield,55,1,5,10,3
2024,GA,58081,Oscar Health Plan of Georgia,13,1,1,1,0
2024,GA,60224,CareSource,15,2,1,1,8
2024,GA,70893,Ambetter from Peach State Health Plan,32,5,4,4,3
2024,GA,82824,Aetna CVS Health,10,1,1,1,5
2024,GA,83761,Alliant Health Plans,48,2,1,1,29
2024,GA,89942,Kaiser Permanente,24,2,2,2,0
2024,HI,18350,HMSA,7,1,3,1,0
2024,HI,60612,Kaiser Permanente,11,1,1,1,0
2024,IA,25896,"Wellmark Health Plan of Iowa, Inc.",12,1,2,2,0
2024,IA,45819,Oscar Insurance Company,26,1,1,2,13
2024,IA,93078,Medica,47,5,6,12,17
2024,IL,11574,"Oscar Health Plan, Inc.",20,2,2,3,0
2024,IL,20129,Health Alliance,11,2,1,1,0
2024,IL,27833,Ambetter of Illinois,26,2,1,1,3
2024,IL,32355,Molina Healthcare,7,2,1,1,1
2024,IL,36096,Blue Cross and Blue Shield of Illinois ,218,2,4,20,22
2024,IL,42529,UnitedHealthcare,16,2,2,1,7
2024,IL,53882,Cigna Healthcare,14,1,2,2,0
2024,IL,54322,MercyCare Health Plans,5,1,1,1,0
2024,IL,65280,Medica,11,1,1,1,2
2024,IL,72547,Aetna CVS Health,9,1,1,1,9
2024,IL,85773,Quartz,44,2,2,2,33
2024,IL,99129,Aetna CVS Health,27,1,3,3,22
2024,IN,17575,Anthem Blue Cross and Blue Shield,14,2,2,1,0
2024,IN,35755,US Health and Life,7,1,1,1,0
2024,IN,54192,CareSource,21,2,1,1,8
2024,IN,76179,Ambetter from MHS,26,2,1,1,3
2024,IN,94419,Cigna Healthcare,12,1,1,1,1
2024,IN,96992,Aetna CVS Health,9,1,1,1,9
2024,KS,18558,"Blue Cross and Blue Shield of Kansas, Inc.",9,2,1,1,0
2024,KS,32542,US Health and Life,7,1,1,1,0
2024,KS,34368,Ambetter from Sunflower Health Plan,24,2,1,1,3
2024,KS,39520,Medica,14,2,2,3,3
2024,KS,43490,Oscar Insurance Company,12,1,1,1,0
2024,KS,84600,Aetna CVS Health,9,1,1,1,9
2024,KS,94248,Blue Cross and Blue Shield of Kansas City,11,1,4,1,0
2024,KS,94968,UnitedHealthcare,12,2,1,1,6
2024,LA,19636,HMO Louisiana,31,5,5,8,1
2024,LA,69842,UnitedHealthcare,12,2,1,1,7
2024,LA,90787,Ambetter from Louisiana Healthcare Connections,22,2,1,1,22
2024,LA,97176,Blue Cross and Blue Shield of Louisiana,9,2,1,1,1
2024,LA,98780,CHRISTUS Health Plan,27,9,1,3,3
2024,MI,15560,Blue Cross Blue Shield of Michigan Mutual Insurance Company ,9,3,1,2,1
2024,MI,29698,Priority Health,49,1,6,6,44
2024,MI,40047,Molina Healthcare,7,2,1,1,1
2024,MI,58594,Ambetter from Meridian,27,3,2,1,3
2024,MI,60829,University of Michigan Health Plan,10,2,1,1,0
2024,MI,71667,UnitedHealthcare,16,2,2,1,8
2024,MI,74917,McLaren Health Plan Community,12,1,1,2,0
2024,MI,77739,Oscar Insurance Company,12,1,1,1,0
2024,MI,98185,Blue Care Network of Michigan,27,4,5,8,0
2024,MO,32753,Anthem Blue Cross and Blue Shield,12,1,2,1,1
2024,MO,34762,Blue Cross and Blue Shield of Kansas City,15,1,4,3,0
2024,MO,47840,Medica,14,1,1,1,0
2024,MO,48161,Aetna CVS Health,27,1,3,3,12
2024,MO,53461,Medica,30,3,3,3,6
2024,MO,69512,Oscar Insurance Company,12,1,1,1,0
2024,MO,95426,UnitedHealthcare,13,2,1,1,8
2024,MO,96384,Cox HealthPlans,8,1,1,1,4
2024,MO,99723,Ambetter from Home State Health,28,2,1,1,3
2024,MS,14624,Primewell Health Services of Mississippi,8,1,1,1,3
2024,MS,56766,Cigna Healthcare,12,1,1,1,1
2024,MS,79975,Molina Healthcare,9,2,1,1,1
2024,MS,90714,Ambetter from Magnolia Health,23,3,2,1,3
2024,MS,97560,UnitedHealthcare,13,2,1,1,6
2024,MT,23603,PacificSource Health Plans,9,1,1,1,0
2024,MT,30751,Blue Cross and Blue Shield of Montana,61,2,2,7,0
2024,MT,32225,Mountain Health CO-OP,21,3,3,2,0
2024,NC,11512,Blue Cross and Blue Shield of NC,146,5,5,14,40
2024,NC,13591,CareSource,14,2,1,1,6
2024,NC,17414,AmeriHealth Caritas Next,6,1,1,1,2
2024,NC,44007,WellCare of North Carolina,6,1,1,1,0
2024,NC,54332,UnitedHealthcare,15,2,1,1,6
2024,NC,61671,Aetna CVS Health,11,1,1,1,5
2024,NC,69803,"Oscar Health Plan of North Carolina, Inc",13,1,1,1,0
2024,NC,73943,Cigna Healthcare,11,1,1,1,0
2024,NC,77264,Ambetter of North Carolina,45,3,2,2,6
2024,ND,37160,Blue Cross Blue Shield of North Dakota,14,3,3,3,2
2024,ND,73751,Medica,27,3,3,4,5
2024,ND,89364,Sanford Health Plan,26,2,2,2,2
2024,NE,20305,Medica,32,3,3,5,8
2024,NE,26289,Ambetter from Nebraska Total Care,26,2,1,1,3
2024,NE,29678,Blue Cross and Blue Shield of Nebraska,29,6,3,5,0
2024,NE,57424,Oscar Insurance Company,13,1,1,1,0
2024,NH,59025,Harvard Pilgrim Health Care,13,1,2,1,13
2024,NH,75841,Ambetter from NH Healthy Families,20,2,1,1,3
2024,NH,96751,Anthem Blue Cross and Blue Shield,14,1,2,1,0
2024,OH,28162,AultCare Insurance Company,16,1,2,2,0
2024,OH,29276,Anthem Blue Cross and Blue Shield,14,1,2,1,0
2024,OH,29341,Oscar Health Insurance,14,1,1,1,0
2024,OH,33931,UnitedHealthcare,16,2,2,1,7
2024,OH,41047,Ambetter from Buckeye Health Plan,24,2,1,1,3
2024,OH,45845,Oscar Insurance Corporation of Ohio,15,1,1,1,0
2024,OH,52664,SummaCare,14,1,1,1,1
2024,OH,64353,Molina Healthcare,7,2,1,1,1
2024,OH,74313,Paramount,18,1,1,2,1
2024,OH,77552,CareSource,16,2,1,1,8
2024,OH,84867,Aetna CVS Health,9,1,1,1,9
2024,OH,99969,MedMutual,16,1,2,2,16
2024,OK,21333,Medica,20,2,3,4,4
2024,OK,45480,UnitedHealthcare,13,2,1,1,8
2024,OK,58944,Taro Health Plan,6,1,2,1,6
2024,OK,62505,Ambetter of Oklahoma,22,2,1,1,3
2024,OK,87571,Blue Cross and Blue Shield of Oklahoma,93,2,3,12,19
2024,OK,91908,Oscar Insurance Company,11,1,1,1,1
2024,OK,98905,CommunityCare,11,1,1,1,1
2024,OR,10091,PacificSource Health Plans,10,2,1,1,1
2024,OR,39424,"Moda Health Plan, Inc.",24,3,2,2,0
2024,OR,56707,Providence Health Plan,11,9,3,3,0
2024,OR,63474,BridgeSpan Health Company,3,1,1,1,0
2024,OR,71287,Kaiser Permanente,11,1,1,1,0
2024,OR,77969,Regence BlueCross BlueShield of Oregon,17,2,2,2,0
2024,SC,26065,BlueCross BlueShield of South Carolina,51,8,5,5,32
2024,SC,33764,UnitedHealthcare,13,2,1,1,13
2024,SC,42326,Molina Healthcare,7,2,1,1,1
2024,SC,73033,Cigna Healthcare of South Carolina,11,1,1,1,0
2024,SC,73107,First Choice Next,6,1,1,1,2
2024,SC,79222,Ambetter from Absolute Total Care,24,3,2,1,3
2024,SD,31195,Sanford Health Plan,26,2,2,2,2
2024,SD,50305,"Wellmark of South Dakota, Inc.",14,1,2,2,7
2024,SD,60536,Avera Health Plans,32,2,2,3,9
2024,TN,14002,BlueCross BlueShield of Tennessee,116,1,3,8,80
2024,TN,23552,Oscar Insurance Company,14,1,1,1,2
2024,TN,31663,US Health and Life,7,1,1,1,0
2024,TN,69443,UnitedHealthcare,13,2,1,1,5
2024,TN,70111,Ambetter of Tennessee,32,4,2,3,6
2024,TN,99248,Cigna Healthcare,12,1,1,1,0
2024,TX,17933,"Moda Health Plan, Inc.",10,1,1,1,0
2024,TX,20069,Oscar Insurance Company,21,2,2,4,4
2024,TX,27248,Community Health Choice,12,1,4,2,0
2024,TX,29418,Ambetter from Superior HealthPlan,16,2,1,1,2
2024,TX,33602,Blue Cross and Blue Shield of Texas,588,2,2,36,75
2024,TX,34826,"Imperial Insurance Companies, Inc.",7,3,1,1,1
2024,TX,40220,UnitedHealthcare,20,2,3,3,12
2024,TX,40788,Baylor Scott and White Health Plan,9,1,1,1,0
2024,TX,45786,Molina Healthcare,8,3,1,1,0
2024,TX,57125,US Health and Life,7,1,1,1,0
2024,TX,58840,Aetna CVS Health,64,1,8,8,46
2024,TX,63251,Community First,4,2,1,1,0
2024,TX,66252,CHRISTUS Health Plan,100,10,1,10,10
2024,TX,71837,"Sendero Health Plans, Local Nonprofit",10,1,1,1,2
2024,TX,76589,Cigna Healthcare,13,1,1,1,0
2024,TX,87226,Ambetter from Superior HealthPlan,28,5,2,5,0
2024,UT,18167,Molina Healthcare,7,2,1,1,1
2024,UT,22013,Regence BlueCross BlueShield of Utah,14,2,2,2,2
2024,UT,34541,BridgeSpan Health Company,3,1,1,1,0
2024,UT,38927,Aetna CVS Health,9,1,2,2,9
2024,UT,42261,University of Utah Health Plans,15,2,2,2,10
2024,UT,68781,Select Health,25,2,3,3,0
2024,UT,81808,Cigna Healthcare,9,1,1,1,0
2024,UT,98113,"Imperial Health Plan of the Southwest, Inc.",5,2,1,1,5
2024,WI,14630,Chorus Community Health Plans,12,1,1,1,1
2024,WI,20173,HealthPartners,19,1,3,3,0
2024,WI,37833,Quartz,44,3,1,2,12
2024,WI,38166,Security Health Plan,32,4,4,4,0
2024,WI,38345,Dean Health Plan,86,3,3,6,0
2024,WI,52697,Molina Healthcare,7,2,1,1,1
2024,WI,57845,Medica,25,3,3,5,3
2024,WI,58326,MercyCare Health Plans,7,1,1,1,0
2024,WI,79475,Anthem Blue Cross and Blue Shield,77,2,6,7,32
2024,WI,80180,UnitedHealthcare,12,2,1,1,12
2024,WI,81413,Network Health,18,4,2,2,0
2024,WI,86584,Aspirus Health Plan,14,2,1,1,1
2024,WI,87416,Common Ground Healthcare Cooperative,31,3,1,2,1
2024,WI,94529,Group Health Cooperative-SCW,34,2,2,2,2
2024,WV,31274,Highmark Blue Cross Blue Shield West Virginia,15,8,1,1,2
2024,WV,50328,CareSource,18,2,1,1,8
2024,WY,11269,Blue Cross Blue Shield of Wyoming,17,2,1,1,0
2024,WY,38576,Mountain Health CO-OP,7,1,1,1,1
2025,AK,38344,Premera Blue Cross Blue Shield of Alaska,8,4,1,1,0
2025,AK,73836,"Moda Health Plan, Inc.",7,5,1,1,0
2025,AL,46944,Blue Cross and Blue Shield of Alabama,12,12,2,2,0
2025,AL,53932,Ambetter of Alabama,17,2,1,1,6
2025,AL,69461,UnitedHealthcare,13,2,1,1,4
2025,AR,13262,Health Advantage,6,1,1,1,1
2025,AR,37903,Ambetter from Arkansas Health & Wellness,5,1,1,1,1
2025,AR,48772,Octave,6,1,1,1,1
2025,AR,62141,Ambetter from Arkansas Health & Wellness,18,2,1,1,0
2025,AR,70525,Ambetter from Arkansas Health & Wellness,7,1,1,1,1
2025,AR,75293,Arkansas Blue Cross and Blue Shield,6,1,1,1,0
2025,AZ,13877,"Oscar Health Plan, Inc.",11,1,1,1,1
2025,AZ,23435,BannerAetna,15,1,1,1,7
2025,AZ,40702,UnitedHealthcare,14,2,1,1,11
2025,AZ,53901,Blue Cross Blue Shield of Arizona,120,2,5,13,1
2025,AZ,68445,"Antidote Health Plan of Arizona, Inc.",16,3,1,1,16
2025,AZ,85533,"Imperial Insurance Companies, Inc.",5,2,1,1,0
2025,AZ,91450,Ambetter from Arizona Complete Health,17,2,1,1,0
2025,AZ,97667,"Cigna HealthCare of Arizona, Inc",8,1,1,1,0
2025,DE,64004,Ambetter Health of Delaware,17,2,1,1,2
2025,DE,67190,Aetna CVS Health,2,1,1,1,0
2025,DE,72760,AmeriHealth Caritas Next,8,1,1,1,2
2025,DE,76168,Highmark Blue Cross Blue Shield Delaware,18,5,1,1,1
2025,FL,16842,Florida Blue (BlueCross BlueShield FL),33,4,2,2,5
2025,FL,18628,Aetna CVS Health,13,1,1,1,7
2025,FL,19898,AvMed,64,2,1,5,0
2025,FL,30252,Florida Blue HMO (a BlueCross BlueShield FL company),76,4,2,7,25
2025,FL,36194,"Health First Commercial Plans, Inc.",22,7,2,3,12
2025,FL,40572,Oscar Insurance Company of Florida,22,2,1,2,4
2025,FL,44228,Wellpoint,13,1,3,1,13
2025,FL,48121,Cigna Healthcare,10,1,1,1,0
2025,FL,49004,Ambetter Health,38,2,1,2,38
2025,FL,54172,Molina Healthcare,10,3,2,3,1
2025,FL,56503,Florida Health Care Plans,28,28,1,1,0
2025,FL,66966,Capital Health Plan,6,1,1,1,0
2025,FL,67926,AmeriHealth Caritas Next,8,1,2,2,2
2025,FL,68398,UnitedHealthcare,14,2,1,1,4
2025,FL,86382,Ambetter Health,7,1,1,1,0
2025,HI,18350,HMSA,7,1,3,1,0
2025,HI,60612,Kaiser Permanente,10,1,1,1,0
2025,IA,25896,"Wellmark Health Plan of Iowa, Inc.",10,1,2,2,1
2025,IA,45819,Oscar Insurance Company,20,1,1,2,0
2025,IA,48286,Ambetter Health,17,2,1,1,17
2025,IA,56610,UnitedHealthcare,12,2,1,1,12
2025,IA,93078,Medica,45,5,4,6,16
2025,IL,11574,"Oscar Health Plan, Inc.",13,2,2,3,1
2025,IL,20129,Health Alliance,14,2,2,2,4
2025,IL,27833,Ambetter of Illinois,17,2,1,1,0
2025,IL,32355,Molina Healthcare,7,2,1,1,0
2025,IL,36096,Blue Cross and Blue Shield of Illinois,220,3,4,23,40
2025,IL,42529,UnitedHealthcare,13,2,1,1,4
2025,IL,53882,Cigna Healthcare,6,1,1,1,0
2025,IL,54322,MercyCare Health Plans,5,1,1,1,0
2025,IL,72547,Aetna CVS Health,2,1,1,1,0
2025,IL,85773,Quartz,36,2,2,2,11
2025,IL,99129,Aetna CVS Health,14,1,1,1,7
2025,IN,17575,Anthem Blue Cross and Blue Shield,14,2,2,1,2
2025,IN,35065,Ambetter Health,17,2,1,1,17
2025,IN,54192,CareSource,22,2,1,1,7
2025,IN,72850,UnitedHealthcare,16,2,1,1,16
2025,IN,94419,Cigna Healthcare,8,1,1,1,0
2025,IN,96992,Aetna CVS Health,14,1,1,1,7
2025,KS,18558,"Blue Cross and Blue Shield of Kansas, Inc.",9,2,1,1,1
2025,KS,34368,Ambetter from Sunflower Health Plan,17,2,1,1,0
2025,KS,39520,Medica,9,1,1,1,3
2025,KS,43490,Oscar Insurance Company,9,1,1,1,0
2025,KS,84600,Aetna CVS Health,14,1,1,1,7
2025,KS,94248,Blue Cross and Blue Shield of Kansas City,8,1,4,1,0
2025,KS,94968,UnitedHealthcare,15,2,1,1,5
2025,LA,19636,HMO Louisiana,35,5,6,9,21
2025,LA,69842,UnitedHealthcare,13,2,1,1,4
2025,LA,90787,Ambetter from Louisiana Healthcare Connections,17,2,1,1,2
2025,LA,97176,Blue Cross and Blue Shield of Louisiana,8,2,1,1,0
2025,LA,98780,CHRISTUS Health Plan,45,15,1,3,21
2025,MI,15560,Blue Cross Blue Shield of Michigan Mutual Insurance Company,9,3,1,2,0
2025,MI,29698,Priority Health,49,1,6,6,44
2025,MI,40047,Molina Healthcare,7,2,1,1,0
2025,MI,40356,HAP CareSource,17,2,1,1,17
2025,MI,58594,Ambetter from Meridian,17,2,1,1,0
2025,MI,60829,University of Michigan Health Plan,10,2,1,1,0
2025,MI,71667,UnitedHealthcare,13,2,1,1,2
2025,MI,74917,McLaren Health Plan Community,9,1,1,1,0
2025,MI,77739,Oscar Insurance Company,9,1,1,1,0
2025,MI,98185,Blue Care Network of Michigan,22,3,4,6,0
2025,MO,32753,Anthem Blue Cross and Blue Shield,10,1,2,1,0
2025,MO,34762,Blue Cross and Blue Shield of Kansas City,12,1,4,3,0
2025,MO,47840,Medica,10,1,1,1,4
2025,MO,48161,Aetna CVS Health,10,1,1,1,4
2025,MO,53461,Medica,30,3,3,3,6
2025,MO,69512,Oscar Insurance Company,9,1,1,1,0
2025,MO,95426,UnitedHealthcare,13,2,1,1,3
2025,MO,96384,Cox HealthPlans,7,1,1,1,0
2025,MO,99723,Ambetter from Home State Health,17,2,1,1,0
2025,MS,14624,Primewell Health Services of Mississippi,7,1,1,1,0
2025,MS,56766,Cigna Healthcare,10,1,1,1,0
2025,MS,79975,Molina Healthcare,9,2,1,1,0
2025,MS,90714,Ambetter from Magnolia Health,17,2,1,1,0
2025,MS,97560,UnitedHealthcare,15,2,1,1,5
2025,MT,23603,PacificSource Health Plans,8,1,1,1,0
2025,MT,30751,Blue Cross and Blue Shield of Montana,67,2,2,7,10
2025,MT,32225,Mountain Health CO-OP,15,3,3,2,0
2025,NC,11512,Blue Cross and Blue Shield of NC,99,6,6,14,3
2025,NC,13591,CareSource,19,2,1,1,5
2025,NC,17414,AmeriHealth Caritas Next,8,1,1,1,2
2025,NC,44007,WellCare of North Carolina,6,1,1,1,0
2025,NC,54332,UnitedHealthcare,13,2,1,1,2
2025,NC,61671,Aetna CVS Health,14,1,1,1,7
2025,NC,69803,"Oscar Health Plan of North Carolina, Inc",20,1,1,2,10
2025,NC,73943,Cigna Healthcare,7,1,1,1,0
2025,NC,77264,Ambetter of North Carolina,31,2,1,2,0
2025,ND,37160,Blue Cross Blue Shield of North Dakota,13,2,3,4,0
2025,ND,73751,Medica,27,3,3,4,6
2025,ND,89364,Sanford Health Plan,18,2,2,2,0
2025,NE,20305,Medica,36,4,3,5,12
2025,NE,26289,Ambetter from Nebraska Total Care,17,2,1,1,0
2025,NE,29678,Blue Cross and Blue Shield of Nebraska,48,14,3,6,19
2025,NE,57424,Oscar Insurance Company,10,1,1,1,0
2025,NE,73102,UnitedHealthcare,14,2,1,1,14
2025,NH,13219,WellSense Health Plan,7,1,1,1,7
2025,NH,59025,Harvard Pilgrim Health Care,9,1,2,1,9
2025,NH,75841,Ambetter from NH Healthy Families,18,2,1,1,2
2025,NH,96751,Anthem Blue Cross and Blue Shield,12,1,2,1,0
2025,OH,28162,AultCare Insurance Company,10,1,2,2,0
2025,OH,29276,Anthem Blue Cross and Blue Shield,12,1,2,1,0
2025,OH,29341,Oscar Health Insurance,11,1,1,1,1
2025,OH,31981,"Antidote Health Plan of Ohio, Inc.",16,3,1,1,16
2025,OH,33931,UnitedHealthcare,18,2,1,1,10
2025,OH,41047,Ambetter from Buckeye Health Plan,17,2,1,1,0
2025,OH,45845,Oscar Insurance Corporation of Ohio,12,1,1,1,1
2025,OH,52664,SummaCare,17,2,1,1,9
2025,OH,64353,Molina Healthcare,10,2,1,2,3
2025,OH,74313,Paramount,20,1,1,2,6
2025,OH,77552,CareSource,19,2,1,1,5
2025,OH,84867,Aetna CVS Health,13,1,1,1,6
2025,OH,99969,MedMutual,13,1,2,2,3
2025,OK,21333,Medica,30,3,2,3,15
2025,OK,45480,UnitedHealthcare,13,2,1,1,3
2025,OK,58944,Mending Health,6,1,2,1,0
2025,OK,62505,Ambetter of Oklahoma,15,2,1,1,0
2025,OK,87571,Blue Cross and Blue Shield of Oklahoma,88,2,3,13,9
2025,OK,91908,Oscar Insurance Company,10,1,1,1,0
2025,OK,98905,CommunityCare,10,1,1,1,1
2025,OR,10091,PacificSource Health Plans,9,2,1,1,0
2025,OR,39424,"Moda Health Plan, Inc.",13,5,1,1,2
2025,OR,56707,Providence Health Plan,11,9,3,3,0
2025,OR,63474,BridgeSpan Health Company,3,1,1,1,0
2025,OR,71287,Kaiser Permanente,9,1,1,1,0
2025,OR,77969,Regence BlueCross BlueShield of Oregon,12,2,2,2,0
2025,SC,26065,BlueCross BlueShield of South Carolina,73,11,6,8,32
2025,SC,33764,UnitedHealthcare,12,2,1,1,2
2025,SC,33863,InStil Health,5,1,1,1,5
2025,SC,42326,Molina Healthcare,7,2,1,1,0
2025,SC,73107,First Choice Next,8,1,1,1,2
2025,SC,79222,Ambetter from Absolute Total Care,17,2,1,1,0
2025,SD,31195,Sanford Health Plan,18,2,2,2,0
2025,SD,50305,"Wellmark of South Dakota, Inc.",14,1,2,2,0
2025,SD,60536,Avera Health Plans,29,2,2,3,0
2025,TN,14002,BlueCross BlueShield of Tennessee,94,1,2,8,35
2025,TN,23552,Oscar Insurance Company,12,1,1,1,0
2025,TN,29854,"Alliant Health Plans, Inc.",9,1,1,1,9
2025,TN,69443,UnitedHealthcare,12,2,1,1,2
2025,TN,70111,Ambetter of Tennessee,19,2,1,1,2
2025,TN,99248,Cigna Healthcare,9,1,1,1,0
2025,TX,11718,Community Health Choice,6,1,1,1,6
2025,TX,17933,"Moda Health Plan, Inc.",10,1,1,1,0
2025,TX,20069,Oscar Insurance Company,65,2,2,8,56
2025,TX,27248,Community Health Choice,9,1,3,2,0
2025,TX,29418,Ambetter from Superior HealthPlan,11,2,1,1,0
2025,TX,33602,Blue Cross and Blue Shield of Texas,540,2,2,38,0
2025,TX,34826,"Imperial Insurance Companies, Inc.",7,3,1,1,0
2025,TX,40220,UnitedHealthcare,16,2,2,3,2
2025,TX,40788,Baylor Scott and White Health Plan,9,1,1,1,0
2025,TX,45786,Molina Healthcare,8,2,1,1,1
2025,TX,47501,WellPoint,21,2,3,1,21
2025,TX,58840,Aetna CVS Health,12,2,2,3,7
2025,TX,63251,Community First,4,2,1,1,0
2025,TX,66252,CHRISTUS Health Plan,160,16,1,10,60
2025,TX,71837,"Sendero Health Plans, Local Nonprofit",7,1,1,1,0
2025,TX,76589,Cigna Healthcare,22,1,1,2,12
2025,TX,87226,Ambetter from Superior HealthPlan,28,8,1,4,12
2025,UT,18167,Molina Healthcare,7,2,1,1,1
2025,UT,22013,Regence BlueCross BlueShield of Utah,11,2,2,2,0
2025,UT,34541,BridgeSpan Health Company,3,1,1,1,0
2025,UT,38927,Aetna CVS Health,9,1,2,2,1
2025,UT,42261,University of Utah Health Plans,12,1,2,2,0
2025,UT,68781,Select Health,21,3,3,3,1
2025,UT,98113,"Imperial Health Plan of the Southwest, Inc.",5,2,1,1,0
2025,WI,14630,Chorus Community Health Plans,10,1,1,1,1
2025,WI,20173,HealthPartners,18,1,3,3,0
2025,WI,37833,Quartz,72,3,2,4,44
2025,WI,38166,Security Health Plan,32,4,4,4,0
2025,WI,38345,Dean Health Plan,30,3,3,3,14
2025,WI,52697,Molina Healthcare,7,2,1,1,1
2025,WI,57845,Medica,27,3,3,4,6
2025,WI,58326,MercyCare Health Plans,7,1,1,1,0
2025,WI,79475,Anthem Blue Cross and Blue Shield,72,2,6,8,0
2025,WI,80180,UnitedHealthcare,13,2,1,1,3
2025,WI,81413,Network Health,26,4,1,2,0
2025,WI,86584,Aspirus Health Plan,12,2,1,1,0
2025,WI,87416,Common Ground Healthcare Cooperative,19,2,1,1,3
2025,WI,94529,Group Health Cooperative-SCW,21,1,2,2,7
2025,WV,31274,Highmark Blue Cross Blue Shield West Virginia,15,5,1,1,2
2025,WV,50328,CareSource,20,2,1,1,6
2025,WY,11269,Blue Cross Blue Shield of Wyoming,11,2,1,1,1
2025,WY,38576,Mountain Health CO-OP,7,1,1,1,0
2025,WY,49714,UnitedHealthcare,12,2,1,1,12
2026,AK,38344,Premera Blue Cross Blue Shield of Alaska,8,4,1,1,0
2026,AK,73836,"Moda Health Plan, Inc.",7,5,1,1,0
2026,AL,17091,Oscar Insurance Company,9,1,1,1,9
2026,AL,46944,Blue Cross and Blue Shield of Alabama,14,14,2,3,2
2026,AL,53932,Ambetter of Alabama,18,2,1,1,3
2026,AL,69461,UnitedHealthcare,13,2,1,1,2
2026,AR,13262,Health Advantage,8,1,1,1,3
2026,AR,37903,Ambetter from Arkansas Health & Wellness,7,2,1,1,3
2026,AR,48772,Octave,6,1,1,1,1
2026,AR,62141,Ambetter from Arkansas Health & Wellness,14,2,1,1,0
2026,AR,70525,Ambetter from Arkansas Health & Wellness,10,2,1,1,4
2026,AR,75293,Arkansas Blue Cross and Blue Shield,7,1,1,1,2
2026,AZ,13877,"Oscar Health Plan, Inc.",17,1,1,1,8
2026,AZ,40702,UnitedHealthcare,14,2,1,1,2
2026,AZ,53901,Blue Cross Blue Shield of Arizona,115,1,4,12,0
2026,AZ,68445,"Antidote Health Plan of Arizona, Inc.",16,3,1,1,0
2026,AZ,85533,"Imperial Insurance Companies, Inc.",5,2,1,1,0
2026,AZ,91450,Ambetter from Arizona Complete Health,16,2,1,1,0
2026,AZ,97667,"Cigna HealthCare of Arizona, Inc",16,1,1,2,8
2026,DE,64004,Ambetter Health of Delaware,17,2,1,1,0
2026,DE,72760,AmeriHealth Caritas Next,8,1,1,1,0
2026,DE,76168,Highmark Blue Cross Blue Shield Delaware,15,4,1,1,1
2026,FL,13887,22 Health,5,1,1,1,5
2026,FL,16842,Florida Blue (BlueCross BlueShield FL),33,4,2,2,0
2026,FL,19898,AvMed,64,2,1,5,0
2026,FL,21525,Oscar Health Maintenance Organization of Florida,34,2,2,3,34
2026,FL,30252,Florida Blue HMO (a BlueCross BlueShield FL company),83,4,2,7,11
2026,FL,36194,"Health First Commercial Plans, Inc.",24,8,2,3,2
2026,FL,44228,Wellpoint,13,1,3,1,0
2026,FL,48121,Cigna Healthcare,26,1,1,3,16
2026,FL,49004,Ambetter Health,38,2,1,2,4
2026,FL,54172,Molina Healthcare,22,6,2,3,13
2026,FL,56503,Florida Health Care Plans,23,23,1,1,0
2026,FL,66966,Capital Health Plan,8,1,1,1,2
2026,FL,67926,AmeriHealth Caritas Next,8,1,1,1,0
2026,FL,68398,UnitedHealthcare,17,3,1,1,5
2026,FL,79850,"Cigna HealthCare of Florida, Inc.",5,1,1,1,5
2026,FL,86382,Ambetter Health,7,1,1,1,1
2026,HI,18350,HMSA,7,1,3,1,0
2026,HI,60612,Kaiser Permanente,10,1,1,1,0
2026,IA,25896,"Wellmark Health Plan of Iowa, Inc.",10,1,2,2,0
2026,IA,45819,Oscar Insurance Company,26,1,2,3,6
2026,IA,48286,Ambetter Health,16,2,1,1,1
2026,IA,56610,UnitedHealthcare,12,2,1,1,0
2026,IA,74980,Avera Health Plans,12,1,1,1,12
2026,IA,93078,Medica,45,5,4,6,0
2026,IN,17575,Anthem Blue Cross and Blue Shield,15,2,3,1,0
2026,IN,35065,Ambetter Health,10,2,1,1,0
2026,IN,54192,CareSource,22,2,1,1,0
2026,IN,72850,UnitedHealthcare,15,2,1,1,1
2026,IN,94419,Cigna Healthcare,18,1,1,2,10
2026,KS,18558,"Blue Cross and Blue Shield of Kansas, Inc.",9,2,1,1,0
2026,KS,34368,Ambetter from Sunflower Health Plan,16,2,1,1,0
2026,KS,39520,Medica,9,1,1,1,0
2026,KS,43490,Oscar Insurance Company,6,1,1,1,1
2026,KS,94248,Blue Cross and Blue Shield of Kansas City,9,1,3,1,4
2026,KS,94968,UnitedHealthcare,15,2,1,1,2
2026,LA,19636,HMO Louisiana,40,5,5,11,6
2026,LA,38246,AmeriHealth Caritas Next,8,1,1,1,8
2026,LA,69842,UnitedHealthcare,13,2,1,1,2
2026,LA,90787,Ambetter from Louisiana Healthcare Connections,16,2,1,1,1
2026,LA,97176,Blue Cross and Blue Shield of Louisiana,8,2,1,1,0
2026,LA,98780,CHRISTUS Health Plan,15,1,1,2,15
2026,MI,15560,Blue Cross Blue Shield of Michigan Mutual Insurance Company,9,3,1,2,0
2026,MI,29698,Priority Health,48,1,6,6,43
2026,MI,58594,Ambetter from Meridian,9,2,1,1,0
2026,MI,71667,UnitedHealthcare,13,2,1,1,4
2026,MI,74917,McLaren Health Plan Community,9,1,1,1,0
2026,MI,77739,Oscar Insurance Company,8,1,1,1,0
2026,MI,98185,Blue Care Network of Michigan,20,3,3,6,0
2026,MO,32753,Anthem Blue Cross and Blue Shield,20,2,4,2,10
2026,MO,34762,Blue Cross and Blue Shield of Kansas City,14,1,4,3,4
2026,MO,47840,Medica,9,1,1,1,2
2026,MO,53461,Medica,27,3,3,3,0
2026,MO,69512,Oscar Insurance Company,11,1,1,1,3
2026,MO,95426,UnitedHealthcare,13,2,1,1,2
2026,MO,96384,Cox HealthPlans,7,1,1,1,0
2026,MO,99723,Ambetter Health,16,2,1,1,1
2026,MS,20635,"Oscar Health Plan, Inc.",7,1,1,1,7
2026,MS,56766,Cigna Healthcare,10,1,1,1,1
2026,MS,79975,Molina Healthcare,2,1,1,1,0
2026,MS,90714,Ambetter Health,14,2,1,1,1
2026,MS,97560,UnitedHealthcare,15,2,1,1,2
2026,MT,23603,PacificSource Health Plans,8,1,1,1,8
2026,MT,30751,Blue Cross and Blue Shield of Montana,67,2,2,7,0
2026,MT,32225,Mountain Health CO-OP,15,3,3,2,0
2026,NC,11512,Blue Cross and Blue Shield of NC,117,7,7,15,12
2026,NC,17414,AmeriHealth Caritas Next,8,1,1,1,0
2026,NC,54332,UnitedHealthcare,13,2,1,1,2
2026,NC,69803,"Oscar Health Plan of North Carolina, Inc",22,1,1,2,6
2026,NC,73943,Cigna Healthcare,17,1,1,2,3
2026,NC,77264,Ambetter of North Carolina,29,2,1,2,2
2026,ND,37160,Blue Cross Blue Shield of North Dakota,14,2,3,4,1
2026,ND,73751,Medica,27,3,3,4,0
2026,ND,89364,Sanford Health Plan,18,2,2,2,0
2026,NE,13484,Ambetter Health,16,2,1,1,16
2026,NE,20305,Medica,36,4,3,5,0
2026,NE,29678,Blue Cross and Blue Shield of Nebraska,78,22,3,5,34
2026,NE,57424,Oscar Insurance Company,20,1,2,3,12
2026,NE,73102,UnitedHealthcare,14,2,1,1,1
2026,NH,13219,WellSense Health Plan,7,1,1,1,0
2026,NH,59025,Harvard Pilgrim Health Care,9,1,2,1,9
2026,NH,75841,Ambetter from NH Healthy Families,18,2,1,1,0
2026,NH,96751,Anthem Blue Cross and Blue Shield,12,1,2,1,1
2026,OH,29276,Anthem Blue Cross and Blue Shield,11,1,3,1,0
2026,OH,29341,Oscar Health Insurance,16,1,1,1,7
2026,OH,31981,"Antidote Health Plan of Ohio, Inc.",15,3,1,1,0
2026,OH,33931,UnitedHealthcare,17,2,1,1,9
2026,OH,41047,Ambetter from Buckeye Health Plan,16,2,1,1,0
2026,OH,45845,Oscar Insurance Corporation of Ohio,16,1,1,1,5
2026,OH,52664,SummaCare,17,2,1,1,1
2026,OH,64353,Molina Healthcare,22,4,1,2,12
2026,OH,74313,Paramount,26,1,1,2,6
2026,OH,77552,CareSource,21,2,1,2,2
2026,OH,99969,MedMutual,12,1,1,1,6
2026,OK,21333,Medica,27,3,2,3,0
2026,OK,45480,UnitedHealthcare,13,2,1,1,2
2026,OK,58944,Mending Health,6,1,2,1,0
2026,OK,62505,Ambetter of Oklahoma,20,2,1,1,5
2026,OK,87571,Blue Cross and Blue Shield of Oklahoma,92,2,3,13,0
2026,OK,91908,Oscar Insurance Company,14,1,1,1,6
2026,OK,98905,CommunityCare,14,3,3,3,4
2026,OR,10091,PacificSource Health Plans,9,2,1,1,9
2026,OR,39424,"Moda Health Plan, Inc.",13,5,1,1,0
2026,OR,56707,Providence Health Plan,11,9,3,3,0
2026,OR,63474,BridgeSpan Health Company,3,1,1,1,0
2026,OR,71287,Kaiser Permanente,9,1,1,1,0
2026,OR,77969,Regence BlueCross BlueShield of Oregon,14,3,2,2,2
2026,SC,26065,BlueCross BlueShield of South Carolina,74,10,6,7,3
2026,SC,33764,UnitedHealthcare,17,4,1,1,10
2026,SC,33863,InStil Health,5,1,1,1,0
2026,SC,42326,Molina Healthcare,12,3,1,1,5
2026,SC,73107,First Choice Next,8,1,1,1,0
2026,SC,79222,Ambetter from Absolute Total Care,9,2,1,1,0
2026,SD,31195,Sanford Health Plan,18,2,2,2,0
2026,SD,50305,"Wellmark of South Dakota, Inc.",14,1,2,2,0
2026,SD,60536,Avera Health Plans,35,2,2,3,13
2026,TN,14002,BlueCross BlueShield of Tennessee,96,1,2,8,34
2026,TN,23552,Oscar Insurance Company,15,1,1,1,6
2026,TN,29854,"Alliant Health Plans, Inc.",9,1,1,1,0
2026,TN,69443,UnitedHealthcare,12,2,1,1,1
2026,TN,70111,Ambetter of Tennessee,16,2,1,1,0
2026,TN,99248,Cigna Healthcare,10,1,1,1,1
2026,TX,11718,Community Health Choice,6,1,1,1,0
2026,TX,17933,"Moda Health Plan, Inc.",5,1,1,1,0
2026,TX,20069,Oscar Insurance Company,100,2,2,9,35
2026,TX,27248,Community Health Choice,11,1,3,3,2
2026,TX,29418,Ambetter from Superior HealthPlan,12,2,1,1,3
2026,TX,33602,Blue Cross and Blue Shield of Texas,546,2,2,40,0
2026,TX,34826,"Imperial Insurance Companies, Inc.",7,3,1,1,0
2026,TX,37758,Harbor Health,4,1,1,1,4
2026,TX,40220,UnitedHealthcare,20,2,2,3,7
2026,TX,40788,Baylor Scott and White Health Plan,10,1,1,2,1
2026,TX,45786,Molina Healthcare,12,3,1,1,3
2026,TX,47501,WellPoint,21,2,3,1,0
2026,TX,63251,Community First,4,2,1,1,0
2026,TX,66252,CHRISTUS Health Plan,18,1,1,4,18
2026,TX,70754,UnitedHealthcare,11,2,1,1,11
2026,TX,71837,"Sendero Health Plans, Local Nonprofit",7,1,1,1,0
2026,TX,76589,Cigna Healthcare,22,1,1,2,0
2026,TX,87226,Ambetter from Superior HealthPlan,18,6,1,3,0
2026,UT,18167,Molina Healthcare,8,3,1,1,2
2026,UT,22013,Regence BlueCross BlueShield of Utah,8,3,1,1,1
2026,UT,34541,BridgeSpan Health Company,3,1,1,1,0
2026,UT,42261,University of Utah Health Plans,12,1,2,2,0
2026,UT,68781,Select Health,21,3,3,3,0
2026,UT,98113,"Imperial Health Plan of the Southwest, Inc.",5,2,1,1,0
2026,WI,20173,HealthPartners,16,1,3,3,0
2026,WI,37833,Quartz,57,3,2,3,12
2026,WI,38166,Security Health Plan,34,4,4,4,4
2026,WI,38345,Dean Health Plan,27,3,3,3,0
2026,WI,57845,Medica,27,3,3,4,0
2026,WI,58326,MercyCare Health Plans,6,1,1,1,0
2026,WI,79475,Anthem Blue Cross and Blue Shield,54,2,4,6,0
2026,WI,80180,UnitedHealthcare,13,2,1,1,5
2026,WI,81413,Network Health,26,4,1,2,0
2026,WI,86584,Aspirus Health Plan,12,2,1,1,0
2026,WI,87416,CareSource (Common Ground Healthcare),18,2,1,1,0
2026,WI,94529,Group Health Cooperative-SCW,21,1,2,2,0
2026,WV,31274,Highmark Blue Cross Blue Shield West Virginia,15,6,1,1,3
2026,WV,50328,CareSource,22,2,1,1,2
2026,WY,11269,Blue Cross Blue Shield of Wyoming,11,2,1,1,0
2026,WY,49714,UnitedHealthcare,12,2,1,1,0
